Date,Year,Month,Season,Station,Latitude,Longitude,Distance_mile,Secchi_m,Chl_a_ugL,TSS_mgL,Turbidity_NTU,Transparency_percent,Transect,Station_Order
2014-02-15,2014,2,Şubat,ST01,41.17474,41.35,0.5,8.02,0.598,2.278,0.747,77.6,Kiyidan_Aciga,1
2014-02-15,2014,2,Şubat,ST02,41.197943,41.148148,1.0,7.22,0.353,1.826,0.651,68.8,Kiyidan_Aciga,2
2014-02-15,2014,2,Şubat,ST03,41.218164,40.946296,3.0,6.5,0.504,2.054,0.525,62.4,Kiyidan_Aciga,3
2014-02-15,2014,2,Şubat,ST04,41.234147,40.744444,5.0,7.95,0.566,2.194,0.539,76.3,Kiyidan_Aciga,4
2014-02-15,2014,2,Şubat,ST05,41.244898,40.542593,10.0,8.57,0.512,1.86,0.703,72.0,Kiyidan_Aciga,5
2014-02-15,2014,2,Şubat,ST06,41.249749,40.340741,0.5,6.84,0.552,1.799,0.387,64.7,Kiyidan_Aciga,1
2014-02-15,2014,2,Şubat,ST07,41.248399,40.138889,1.0,6.25,0.672,2.014,0.559,51.1,Kiyidan_Aciga,2
2014-02-15,2014,2,Şubat,ST08,41.24093,39.937037,3.0,7.33,0.551,1.76,0.656,68.2,Kiyidan_Aciga,3
2014-02-15,2014,2,Şubat,ST09,41.227807,39.735185,5.0,8.03,0.554,1.351,0.435,84.4,Kiyidan_Aciga,4
2014-02-15,2014,2,Şubat,ST10,41.209847,39.533333,10.0,8.99,0.349,1.308,0.571,80.8,Kiyidan_Aciga,5
2014-02-15,2014,2,Şubat,ST11,41.188166,39.331481,0.5,6.76,0.512,1.843,0.729,71.6,Kiyidan_Aciga,1
2014-02-15,2014,2,Şubat,ST12,41.164112,39.12963,1.0,6.94,0.419,1.946,0.772,64.3,Kiyidan_Aciga,2
2014-02-15,2014,2,Şubat,ST13,41.13918,38.927778,3.0,8.19,0.403,1.755,0.454,77.9,Kiyidan_Aciga,3
2014-02-15,2014,2,Şubat,ST14,41.114922,38.725926,5.0,8.13,0.52,2.198,0.532,69.3,Kiyidan_Aciga,4
2014-02-15,2014,2,Şubat,ST15,41.092844,38.524074,10.0,9.04,0.473,1.748,0.533,91.8,Kiyidan_Aciga,5
2014-02-15,2014,2,Şubat,ST16,41.07432,38.322222,0.5,7.49,0.482,1.606,0.416,72.5,Kiyidan_Aciga,1
2014-02-15,2014,2,Şubat,ST17,41.060501,38.12037,1.0,7.55,0.404,1.785,0.574,69.2,Kiyidan_Aciga,2
2014-02-15,2014,2,Şubat,ST18,41.052247,37.918519,3.0,7.19,0.533,1.769,0.541,64.9,Kiyidan_Aciga,3
2014-02-15,2014,2,Şubat,ST19,41.050071,37.716667,5.0,7.74,0.556,1.833,0.559,74.8,Kiyidan_Aciga,4
2014-02-15,2014,2,Şubat,ST20,41.054108,37.514815,10.0,9.29,0.483,1.75,0.608,87.6,Kiyidan_Aciga,5
2014-02-15,2014,2,Şubat,ST21,41.064107,37.312963,0.5,6.78,0.476,1.476,0.65,65.8,Kiyidan_Aciga,1
2014-02-15,2014,2,Şubat,ST22,41.079446,37.111111,1.0,6.51,0.61,1.711,0.45,59.0,Kiyidan_Aciga,2
2014-02-15,2014,2,Şubat,ST23,41.099172,36.909259,3.0,6.14,0.57,1.745,0.742,62.2,Kiyidan_Aciga,3
2014-02-15,2014,2,Şubat,ST24,41.122058,36.707407,5.0,6.88,0.447,1.988,0.71,57.3,Kiyidan_Aciga,4
2014-02-15,2014,2,Şubat,ST25,41.146682,36.505556,10.0,8.55,0.285,1.589,0.67,93.2,Kiyidan_Aciga,5
2014-02-15,2014,2,Şubat,ST26,41.171512,36.303704,0.5,6.7,0.419,1.743,0.625,61.0,Kiyidan_Aciga,1
2014-02-15,2014,2,Şubat,ST27,41.195004,36.101852,1.0,6.6,0.489,1.981,0.606,59.1,Kiyidan_Aciga,2
2014-02-15,2014,2,Şubat,ST28,41.215699,35.9,3.0,7.27,0.464,1.569,0.527,71.6,Kiyidan_Aciga,3
2014-08-15,2014,8,Ağustos,ST01,41.17474,41.35,0.5,6.15,0.553,2.188,0.685,52.9,Kiyidan_Aciga,1
2014-08-15,2014,8,Ağustos,ST02,41.197943,41.148148,1.0,6.04,0.635,2.114,0.611,57.1,Kiyidan_Aciga,2
2014-08-15,2014,8,Ağustos,ST03,41.218164,40.946296,3.0,6.33,0.566,2.262,0.701,57.1,Kiyidan_Aciga,3
2014-08-15,2014,8,Ağustos,ST04,41.234147,40.744444,5.0,6.72,0.746,1.884,0.774,75.5,Kiyidan_Aciga,4
2014-08-15,2014,8,Ağustos,ST05,41.244898,40.542593,10.0,7.28,0.601,1.571,0.376,74.1,Kiyidan_Aciga,5
2014-08-15,2014,8,Ağustos,ST06,41.249749,40.340741,0.5,5.32,0.809,2.315,0.58,46.8,Kiyidan_Aciga,1
2014-08-15,2014,8,Ağustos,ST07,41.248399,40.138889,1.0,6.5,0.671,1.728,0.523,61.1,Kiyidan_Aciga,2
2014-08-15,2014,8,Ağustos,ST08,41.24093,39.937037,3.0,6.73,0.722,1.914,0.776,69.5,Kiyidan_Aciga,3
2014-08-15,2014,8,Ağustos,ST09,41.227807,39.735185,5.0,6.52,0.898,1.828,0.736,60.4,Kiyidan_Aciga,4
2014-08-15,2014,8,Ağustos,ST10,41.209847,39.533333,10.0,7.87,0.609,1.887,0.818,78.6,Kiyidan_Aciga,5
2014-08-15,2014,8,Ağustos,ST11,41.188166,39.331481,0.5,6.1,0.633,1.985,0.544,61.5,Kiyidan_Aciga,1
2014-08-15,2014,8,Ağustos,ST12,41.164112,39.12963,1.0,6.58,0.659,2.3,0.776,63.1,Kiyidan_Aciga,2
2014-08-15,2014,8,Ağustos,ST13,41.13918,38.927778,3.0,6.94,0.612,1.781,0.502,64.0,Kiyidan_Aciga,3
2014-08-15,2014,8,Ağustos,ST14,41.114922,38.725926,5.0,7.04,0.523,1.983,0.708,66.9,Kiyidan_Aciga,4
2014-08-15,2014,8,Ağustos,ST15,41.092844,38.524074,10.0,6.57,0.654,1.537,0.563,68.2,Kiyidan_Aciga,5
2014-08-15,2014,8,Ağustos,ST16,41.07432,38.322222,0.5,4.98,0.696,2.311,0.641,44.2,Kiyidan_Aciga,1
2014-08-15,2014,8,Ağustos,ST17,41.060501,38.12037,1.0,7.43,0.672,2.039,0.642,71.3,Kiyidan_Aciga,2
2014-08-15,2014,8,Ağustos,ST18,41.052247,37.918519,3.0,7.23,0.802,1.402,0.596,68.5,Kiyidan_Aciga,3
2014-08-15,2014,8,Ağustos,ST19,41.050071,37.716667,5.0,6.48,0.756,1.959,0.82,66.0,Kiyidan_Aciga,4
2014-08-15,2014,8,Ağustos,ST20,41.054108,37.514815,10.0,8.19,0.524,1.548,0.497,83.1,Kiyidan_Aciga,5
2014-08-15,2014,8,Ağustos,ST21,41.064107,37.312963,0.5,5.04,0.682,1.812,0.982,47.3,Kiyidan_Aciga,1
2014-08-15,2014,8,Ağustos,ST22,41.079446,37.111111,1.0,5.86,0.616,2.208,0.48,51.7,Kiyidan_Aciga,2
2014-08-15,2014,8,Ağustos,ST23,41.099172,36.909259,3.0,5.49,0.746,1.822,0.83,54.1,Kiyidan_Aciga,3
2014-08-15,2014,8,Ağustos,ST24,41.122058,36.707407,5.0,5.91,0.784,1.863,0.596,59.7,Kiyidan_Aciga,4
2014-08-15,2014,8,Ağustos,ST25,41.146682,36.505556,10.0,5.94,0.762,1.779,0.581,64.3,Kiyidan_Aciga,5
2014-08-15,2014,8,Ağustos,ST26,41.171512,36.303704,0.5,5.44,0.807,2.097,0.719,50.7,Kiyidan_Aciga,1
2014-08-15,2014,8,Ağustos,ST27,41.195004,36.101852,1.0,5.84,0.831,2.204,0.608,51.3,Kiyidan_Aciga,2
2014-08-15,2014,8,Ağustos,ST28,41.215699,35.9,3.0,6.22,0.768,2.218,0.695,52.6,Kiyidan_Aciga,3
2015-02-15,2015,2,Şubat,ST01,41.17474,41.35,0.5,7.76,0.586,1.823,0.78,68.4,Kiyidan_Aciga,1
2015-02-15,2015,2,Şubat,ST02,41.197943,41.148148,1.0,7.69,0.403,2.05,0.645,80.2,Kiyidan_Aciga,2
2015-02-15,2015,2,Şubat,ST03,41.218164,40.946296,3.0,7.78,0.449,1.656,0.556,71.9,Kiyidan_Aciga,3
2015-02-15,2015,2,Şubat,ST04,41.234147,40.744444,5.0,8.42,0.566,1.36,0.567,80.3,Kiyidan_Aciga,4
2015-02-15,2015,2,Şubat,ST05,41.244898,40.542593,10.0,7.99,0.51,2.129,0.665,81.3,Kiyidan_Aciga,5
2015-02-15,2015,2,Şubat,ST06,41.249749,40.340741,0.5,6.19,0.544,1.736,0.665,60.1,Kiyidan_Aciga,1
2015-02-15,2015,2,Şubat,ST07,41.248399,40.138889,1.0,7.13,0.607,2.003,0.516,62.4,Kiyidan_Aciga,2
2015-02-15,2015,2,Şubat,ST08,41.24093,39.937037,3.0,7.26,0.618,1.814,0.445,77.3,Kiyidan_Aciga,3
2015-02-15,2015,2,Şubat,ST09,41.227807,39.735185,5.0,7.68,0.498,1.494,0.586,75.7,Kiyidan_Aciga,4
2015-02-15,2015,2,Şubat,ST10,41.209847,39.533333,10.0,8.72,0.402,1.702,0.495,89.5,Kiyidan_Aciga,5
2015-02-15,2015,2,Şubat,ST11,41.188166,39.331481,0.5,7.4,0.451,1.516,0.621,68.3,Kiyidan_Aciga,1
2015-02-15,2015,2,Şubat,ST12,41.164112,39.12963,1.0,6.94,0.418,1.595,0.625,64.9,Kiyidan_Aciga,2
2015-02-15,2015,2,Şubat,ST13,41.13918,38.927778,3.0,9.07,0.496,1.408,0.395,87.7,Kiyidan_Aciga,3
2015-02-15,2015,2,Şubat,ST14,41.114922,38.725926,5.0,7.95,0.583,1.836,0.378,71.4,Kiyidan_Aciga,4
2015-02-15,2015,2,Şubat,ST15,41.092844,38.524074,10.0,8.75,0.491,1.451,0.571,77.8,Kiyidan_Aciga,5
2015-02-15,2015,2,Şubat,ST16,41.07432,38.322222,0.5,7.39,0.523,2.174,0.618,66.9,Kiyidan_Aciga,1
2015-02-15,2015,2,Şubat,ST17,41.060501,38.12037,1.0,8.21,0.455,1.942,0.508,78.3,Kiyidan_Aciga,2
2015-02-15,2015,2,Şubat,ST18,41.052247,37.918519,3.0,7.16,0.527,2.029,0.552,65.8,Kiyidan_Aciga,3
2015-02-15,2015,2,Şubat,ST19,41.050071,37.716667,5.0,7.98,0.41,1.384,0.611,75.4,Kiyidan_Aciga,4
2015-02-15,2015,2,Şubat,ST20,41.054108,37.514815,10.0,8.44,0.505,1.899,0.547,75.7,Kiyidan_Aciga,5
2015-02-15,2015,2,Şubat,ST21,41.064107,37.312963,0.5,6.29,0.583,1.949,0.581,56.7,Kiyidan_Aciga,1
2015-02-15,2015,2,Şubat,ST22,41.079446,37.111111,1.0,6.97,0.49,2.033,0.696,65.0,Kiyidan_Aciga,2
2015-02-15,2015,2,Şubat,ST23,41.099172,36.909259,3.0,7.48,0.502,1.868,0.372,67.2,Kiyidan_Aciga,3
2015-02-15,2015,2,Şubat,ST24,41.122058,36.707407,5.0,6.85,0.487,1.885,0.628,66.3,Kiyidan_Aciga,4
2015-02-15,2015,2,Şubat,ST25,41.146682,36.505556,10.0,7.99,0.531,2.216,0.54,73.2,Kiyidan_Aciga,5
2015-02-15,2015,2,Şubat,ST26,41.171512,36.303704,0.5,6.43,0.537,1.769,0.457,55.2,Kiyidan_Aciga,1
2015-02-15,2015,2,Şubat,ST27,41.195004,36.101852,1.0,7.63,0.588,2.189,0.608,68.6,Kiyidan_Aciga,2
2015-02-15,2015,2,Şubat,ST28,41.215699,35.9,3.0,7.37,0.375,1.428,0.62,72.1,Kiyidan_Aciga,3
2015-08-15,2015,8,Ağustos,ST01,41.17474,41.35,0.5,7.32,0.639,1.475,0.584,68.4,Kiyidan_Aciga,1
2015-08-15,2015,8,Ağustos,ST02,41.197943,41.148148,1.0,5.94,0.731,1.654,0.666,59.0,Kiyidan_Aciga,2
2015-08-15,2015,8,Ağustos,ST03,41.218164,40.946296,3.0,7.19,0.675,2.087,0.556,67.0,Kiyidan_Aciga,3
2015-08-15,2015,8,Ağustos,ST04,41.234147,40.744444,5.0,7.33,0.536,1.714,0.709,68.7,Kiyidan_Aciga,4
2015-08-15,2015,8,Ağustos,ST05,41.244898,40.542593,10.0,7.16,0.63,1.858,0.71,71.7,Kiyidan_Aciga,5
2015-08-15,2015,8,Ağustos,ST06,41.249749,40.340741,0.5,5.49,0.815,2.105,0.764,48.0,Kiyidan_Aciga,1
2015-08-15,2015,8,Ağustos,ST07,41.248399,40.138889,1.0,6.46,0.696,1.209,0.794,61.4,Kiyidan_Aciga,2
2015-08-15,2015,8,Ağustos,ST08,41.24093,39.937037,3.0,5.66,0.67,2.106,0.579,51.4,Kiyidan_Aciga,3
2015-08-15,2015,8,Ağustos,ST09,41.227807,39.735185,5.0,6.01,0.676,1.821,0.735,58.1,Kiyidan_Aciga,4
2015-08-15,2015,8,Ağustos,ST10,41.209847,39.533333,10.0,7.56,0.687,1.772,0.486,79.0,Kiyidan_Aciga,5
2015-08-15,2015,8,Ağustos,ST11,41.188166,39.331481,0.5,6.31,0.814,2.171,0.589,50.6,Kiyidan_Aciga,1
2015-08-15,2015,8,Ağustos,ST12,41.164112,39.12963,1.0,5.4,0.784,2.008,0.641,41.3,Kiyidan_Aciga,2
2015-08-15,2015,8,Ağustos,ST13,41.13918,38.927778,3.0,6.59,0.587,1.702,0.708,58.5,Kiyidan_Aciga,3
2015-08-15,2015,8,Ağustos,ST14,41.114922,38.725926,5.0,6.56,0.689,2.105,0.584,68.1,Kiyidan_Aciga,4
2015-08-15,2015,8,Ağustos,ST15,41.092844,38.524074,10.0,7.32,0.53,1.43,0.431,70.8,Kiyidan_Aciga,5
2015-08-15,2015,8,Ağustos,ST16,41.07432,38.322222,0.5,5.75,0.6,2.078,0.746,58.8,Kiyidan_Aciga,1
2015-08-15,2015,8,Ağustos,ST17,41.060501,38.12037,1.0,6.77,0.593,1.934,0.666,62.4,Kiyidan_Aciga,2
2015-08-15,2015,8,Ağustos,ST18,41.052247,37.918519,3.0,6.59,0.573,1.726,0.66,68.7,Kiyidan_Aciga,3
2015-08-15,2015,8,Ağustos,ST19,41.050071,37.716667,5.0,7.32,0.699,1.835,0.588,63.7,Kiyidan_Aciga,4
2015-08-15,2015,8,Ağustos,ST20,41.054108,37.514815,10.0,6.95,0.595,1.991,0.704,69.0,Kiyidan_Aciga,5
2015-08-15,2015,8,Ağustos,ST21,41.064107,37.312963,0.5,6.2,0.696,1.68,0.635,56.0,Kiyidan_Aciga,1
2015-08-15,2015,8,Ağustos,ST22,41.079446,37.111111,1.0,5.9,0.677,1.939,0.725,53.1,Kiyidan_Aciga,2
2015-08-15,2015,8,Ağustos,ST23,41.099172,36.909259,3.0,6.39,0.574,1.981,0.623,64.0,Kiyidan_Aciga,3
2015-08-15,2015,8,Ağustos,ST24,41.122058,36.707407,5.0,5.5,0.605,2.205,0.638,51.9,Kiyidan_Aciga,4
2015-08-15,2015,8,Ağustos,ST25,41.146682,36.505556,10.0,6.9,0.734,1.927,0.635,60.9,Kiyidan_Aciga,5
2015-08-15,2015,8,Ağustos,ST26,41.171512,36.303704,0.5,5.98,0.622,1.788,0.514,56.2,Kiyidan_Aciga,1
2015-08-15,2015,8,Ağustos,ST27,41.195004,36.101852,1.0,6.56,0.693,1.776,0.635,62.7,Kiyidan_Aciga,2
2015-08-15,2015,8,Ağustos,ST28,41.215699,35.9,3.0,6.54,0.689,1.628,0.636,55.2,Kiyidan_Aciga,3
2016-02-15,2016,2,Şubat,ST01,41.17474,41.35,0.5,7.63,0.398,2.084,0.341,79.2,Kiyidan_Aciga,1
2016-02-15,2016,2,Şubat,ST02,41.197943,41.148148,1.0,6.38,0.436,1.98,0.694,59.5,Kiyidan_Aciga,2
2016-02-15,2016,2,Şubat,ST03,41.218164,40.946296,3.0,7.97,0.412,1.665,0.546,73.5,Kiyidan_Aciga,3
2016-02-15,2016,2,Şubat,ST04,41.234147,40.744444,5.0,6.59,0.521,1.854,0.731,57.5,Kiyidan_Aciga,4
2016-02-15,2016,2,Şubat,ST05,41.244898,40.542593,10.0,8.04,0.57,1.833,0.629,78.2,Kiyidan_Aciga,5
2016-02-15,2016,2,Şubat,ST06,41.249749,40.340741,0.5,6.8,0.66,1.884,0.513,67.2,Kiyidan_Aciga,1
2016-02-15,2016,2,Şubat,ST07,41.248399,40.138889,1.0,6.26,0.529,2.011,0.555,57.5,Kiyidan_Aciga,2
2016-02-15,2016,2,Şubat,ST08,41.24093,39.937037,3.0,7.2,0.456,2.068,0.501,64.5,Kiyidan_Aciga,3
2016-02-15,2016,2,Şubat,ST09,41.227807,39.735185,5.0,8.43,0.341,1.727,0.749,79.9,Kiyidan_Aciga,4
2016-02-15,2016,2,Şubat,ST10,41.209847,39.533333,10.0,9.15,0.499,1.69,0.534,78.5,Kiyidan_Aciga,5
2016-02-15,2016,2,Şubat,ST11,41.188166,39.331481,0.5,6.7,0.537,1.93,0.865,64.8,Kiyidan_Aciga,1
2016-02-15,2016,2,Şubat,ST12,41.164112,39.12963,1.0,7.49,0.583,1.936,0.582,70.8,Kiyidan_Aciga,2
2016-02-15,2016,2,Şubat,ST13,41.13918,38.927778,3.0,7.47,0.526,1.76,0.653,66.9,Kiyidan_Aciga,3
2016-02-15,2016,2,Şubat,ST14,41.114922,38.725926,5.0,8.22,0.593,1.691,0.753,78.7,Kiyidan_Aciga,4
2016-02-15,2016,2,Şubat,ST15,41.092844,38.524074,10.0,9.06,0.458,1.619,0.351,89.6,Kiyidan_Aciga,5
2016-02-15,2016,2,Şubat,ST16,41.07432,38.322222,0.5,8.56,0.499,1.861,0.542,86.0,Kiyidan_Aciga,1
2016-02-15,2016,2,Şubat,ST17,41.060501,38.12037,1.0,7.33,0.517,1.422,0.542,71.1,Kiyidan_Aciga,2
2016-02-15,2016,2,Şubat,ST18,41.052247,37.918519,3.0,8.07,0.548,1.363,0.425,79.0,Kiyidan_Aciga,3
2016-02-15,2016,2,Şubat,ST19,41.050071,37.716667,5.0,7.35,0.567,1.405,0.585,69.6,Kiyidan_Aciga,4
2016-02-15,2016,2,Şubat,ST20,41.054108,37.514815,10.0,8.74,0.373,1.223,0.573,85.2,Kiyidan_Aciga,5
2016-02-15,2016,2,Şubat,ST21,41.064107,37.312963,0.5,7.17,0.472,2.022,0.65,73.4,Kiyidan_Aciga,1
2016-02-15,2016,2,Şubat,ST22,41.079446,37.111111,1.0,6.57,0.385,1.868,0.633,64.5,Kiyidan_Aciga,2
2016-02-15,2016,2,Şubat,ST23,41.099172,36.909259,3.0,6.09,0.521,2.156,0.635,56.6,Kiyidan_Aciga,3
2016-02-15,2016,2,Şubat,ST24,41.122058,36.707407,5.0,8.38,0.379,2.046,0.667,78.7,Kiyidan_Aciga,4
2016-02-15,2016,2,Şubat,ST25,41.146682,36.505556,10.0,8.31,0.464,1.787,0.507,77.3,Kiyidan_Aciga,5
2016-02-15,2016,2,Şubat,ST26,41.171512,36.303704,0.5,6.58,0.498,1.806,0.399,62.9,Kiyidan_Aciga,1
2016-02-15,2016,2,Şubat,ST27,41.195004,36.101852,1.0,6.75,0.367,1.779,0.578,69.3,Kiyidan_Aciga,2
2016-02-15,2016,2,Şubat,ST28,41.215699,35.9,3.0,7.28,0.551,2.164,0.534,69.0,Kiyidan_Aciga,3
2016-08-15,2016,8,Ağustos,ST01,41.17474,41.35,0.5,7.16,0.67,1.922,0.561,70.8,Kiyidan_Aciga,1
2016-08-15,2016,8,Ağustos,ST02,41.197943,41.148148,1.0,6.16,0.546,1.842,0.524,58.9,Kiyidan_Aciga,2
2016-08-15,2016,8,Ağustos,ST03,41.218164,40.946296,3.0,5.87,0.745,1.978,0.532,53.8,Kiyidan_Aciga,3
2016-08-15,2016,8,Ağustos,ST04,41.234147,40.744444,5.0,6.9,0.753,1.627,0.501,73.3,Kiyidan_Aciga,4
2016-08-15,2016,8,Ağustos,ST05,41.244898,40.542593,10.0,7.28,0.655,1.633,0.619,76.0,Kiyidan_Aciga,5
2016-08-15,2016,8,Ağustos,ST06,41.249749,40.340741,0.5,5.59,0.807,2.012,0.569,50.4,Kiyidan_Aciga,1
2016-08-15,2016,8,Ağustos,ST07,41.248399,40.138889,1.0,4.86,0.788,2.432,0.736,45.0,Kiyidan_Aciga,2
2016-08-15,2016,8,Ağustos,ST08,41.24093,39.937037,3.0,5.41,0.761,1.723,0.569,55.0,Kiyidan_Aciga,3
2016-08-15,2016,8,Ağustos,ST09,41.227807,39.735185,5.0,6.13,0.67,1.892,0.716,58.9,Kiyidan_Aciga,4
2016-08-15,2016,8,Ağustos,ST10,41.209847,39.533333,10.0,6.91,0.604,1.803,0.641,65.5,Kiyidan_Aciga,5
2016-08-15,2016,8,Ağustos,ST11,41.188166,39.331481,0.5,5.71,0.719,1.98,0.587,58.6,Kiyidan_Aciga,1
2016-08-15,2016,8,Ağustos,ST12,41.164112,39.12963,1.0,5.78,0.722,1.464,0.64,50.5,Kiyidan_Aciga,2
2016-08-15,2016,8,Ağustos,ST13,41.13918,38.927778,3.0,6.03,0.892,2.009,0.771,60.7,Kiyidan_Aciga,3
2016-08-15,2016,8,Ağustos,ST14,41.114922,38.725926,5.0,7.58,0.622,2.195,0.672,72.2,Kiyidan_Aciga,4
2016-08-15,2016,8,Ağustos,ST15,41.092844,38.524074,10.0,8.13,0.61,1.766,0.567,78.8,Kiyidan_Aciga,5
2016-08-15,2016,8,Ağustos,ST16,41.07432,38.322222,0.5,7.21,0.553,2.109,0.563,73.6,Kiyidan_Aciga,1
2016-08-15,2016,8,Ağustos,ST17,41.060501,38.12037,1.0,6.07,0.729,1.901,0.473,64.6,Kiyidan_Aciga,2
2016-08-15,2016,8,Ağustos,ST18,41.052247,37.918519,3.0,5.95,0.709,1.693,0.519,55.7,Kiyidan_Aciga,3
2016-08-15,2016,8,Ağustos,ST19,41.050071,37.716667,5.0,6.33,0.591,1.902,0.486,60.6,Kiyidan_Aciga,4
2016-08-15,2016,8,Ağustos,ST20,41.054108,37.514815,10.0,7.31,0.448,1.685,0.643,65.2,Kiyidan_Aciga,5
2016-08-15,2016,8,Ağustos,ST21,41.064107,37.312963,0.5,5.8,0.745,1.722,0.659,58.4,Kiyidan_Aciga,1
2016-08-15,2016,8,Ağustos,ST22,41.079446,37.111111,1.0,5.02,0.742,2.384,0.623,49.6,Kiyidan_Aciga,2
2016-08-15,2016,8,Ağustos,ST23,41.099172,36.909259,3.0,5.24,0.731,2.171,0.453,47.6,Kiyidan_Aciga,3
2016-08-15,2016,8,Ağustos,ST24,41.122058,36.707407,5.0,6.46,0.697,1.766,0.518,63.9,Kiyidan_Aciga,4
2016-08-15,2016,8,Ağustos,ST25,41.146682,36.505556,10.0,7.05,0.699,1.933,0.56,71.3,Kiyidan_Aciga,5
2016-08-15,2016,8,Ağustos,ST26,41.171512,36.303704,0.5,5.35,0.832,2.372,0.792,50.1,Kiyidan_Aciga,1
2016-08-15,2016,8,Ağustos,ST27,41.195004,36.101852,1.0,7.34,0.657,1.873,0.593,65.3,Kiyidan_Aciga,2
2016-08-15,2016,8,Ağustos,ST28,41.215699,35.9,3.0,7.19,0.605,2.056,0.716,70.7,Kiyidan_Aciga,3
2017-02-15,2017,2,Şubat,ST01,41.17474,41.35,0.5,6.9,0.483,1.183,0.599,68.8,Kiyidan_Aciga,1
2017-02-15,2017,2,Şubat,ST02,41.197943,41.148148,1.0,7.12,0.456,1.758,0.724,67.4,Kiyidan_Aciga,2
2017-02-15,2017,2,Şubat,ST03,41.218164,40.946296,3.0,8.47,0.417,1.786,0.519,88.7,Kiyidan_Aciga,3
2017-02-15,2017,2,Şubat,ST04,41.234147,40.744444,5.0,7.72,0.653,1.678,0.736,73.8,Kiyidan_Aciga,4
2017-02-15,2017,2,Şubat,ST05,41.244898,40.542593,10.0,8.82,0.357,1.797,0.447,84.8,Kiyidan_Aciga,5
2017-02-15,2017,2,Şubat,ST06,41.249749,40.340741,0.5,5.69,0.559,2.265,0.721,49.1,Kiyidan_Aciga,1
2017-02-15,2017,2,Şubat,ST07,41.248399,40.138889,1.0,5.5,0.617,2.413,0.581,60.7,Kiyidan_Aciga,2
2017-02-15,2017,2,Şubat,ST08,41.24093,39.937037,3.0,6.91,0.354,1.461,0.688,66.2,Kiyidan_Aciga,3
2017-02-15,2017,2,Şubat,ST09,41.227807,39.735185,5.0,8.16,0.375,1.781,0.571,77.0,Kiyidan_Aciga,4
2017-02-15,2017,2,Şubat,ST10,41.209847,39.533333,10.0,8.17,0.441,1.794,0.6,78.7,Kiyidan_Aciga,5
2017-02-15,2017,2,Şubat,ST11,41.188166,39.331481,0.5,7.51,0.394,1.346,0.691,67.6,Kiyidan_Aciga,1
2017-02-15,2017,2,Şubat,ST12,41.164112,39.12963,1.0,6.91,0.462,1.693,0.465,63.3,Kiyidan_Aciga,2
2017-02-15,2017,2,Şubat,ST13,41.13918,38.927778,3.0,7.99,0.475,1.889,0.526,79.5,Kiyidan_Aciga,3
2017-02-15,2017,2,Şubat,ST14,41.114922,38.725926,5.0,7.83,0.311,1.854,0.657,72.1,Kiyidan_Aciga,4
2017-02-15,2017,2,Şubat,ST15,41.092844,38.524074,10.0,9.72,0.367,1.831,0.71,92.5,Kiyidan_Aciga,5
2017-02-15,2017,2,Şubat,ST16,41.07432,38.322222,0.5,7.2,0.491,2.232,0.64,77.0,Kiyidan_Aciga,1
2017-02-15,2017,2,Şubat,ST17,41.060501,38.12037,1.0,7.48,0.438,1.656,0.597,62.9,Kiyidan_Aciga,2
2017-02-15,2017,2,Şubat,ST18,41.052247,37.918519,3.0,7.28,0.461,1.878,0.791,69.4,Kiyidan_Aciga,3
2017-02-15,2017,2,Şubat,ST19,41.050071,37.716667,5.0,6.67,0.447,1.94,0.629,69.8,Kiyidan_Aciga,4
2017-02-15,2017,2,Şubat,ST20,41.054108,37.514815,10.0,8.98,0.525,1.647,0.66,81.7,Kiyidan_Aciga,5
2017-02-15,2017,2,Şubat,ST21,41.064107,37.312963,0.5,7.12,0.48,1.47,0.662,73.2,Kiyidan_Aciga,1
2017-02-15,2017,2,Şubat,ST22,41.079446,37.111111,1.0,6.35,0.658,1.495,0.514,59.7,Kiyidan_Aciga,2
2017-02-15,2017,2,Şubat,ST23,41.099172,36.909259,3.0,6.7,0.465,1.905,0.566,62.2,Kiyidan_Aciga,3
2017-02-15,2017,2,Şubat,ST24,41.122058,36.707407,5.0,7.45,0.438,1.777,0.527,66.0,Kiyidan_Aciga,4
2017-02-15,2017,2,Şubat,ST25,41.146682,36.505556,10.0,8.72,0.593,1.982,0.59,80.3,Kiyidan_Aciga,5
2017-02-15,2017,2,Şubat,ST26,41.171512,36.303704,0.5,6.59,0.608,1.313,0.587,65.5,Kiyidan_Aciga,1
2017-02-15,2017,2,Şubat,ST27,41.195004,36.101852,1.0,6.39,0.566,1.999,0.486,61.0,Kiyidan_Aciga,2
2017-02-15,2017,2,Şubat,ST28,41.215699,35.9,3.0,7.21,0.533,1.992,0.64,68.8,Kiyidan_Aciga,3
2017-08-15,2017,8,Ağustos,ST01,41.17474,41.35,0.5,6.34,0.59,1.902,0.554,64.4,Kiyidan_Aciga,1
2017-08-15,2017,8,Ağustos,ST02,41.197943,41.148148,1.0,6.53,0.73,2.318,0.593,59.8,Kiyidan_Aciga,2
2017-08-15,2017,8,Ağustos,ST03,41.218164,40.946296,3.0,6.15,0.565,1.551,0.705,52.8,Kiyidan_Aciga,3
2017-08-15,2017,8,Ağustos,ST04,41.234147,40.744444,5.0,5.93,0.695,1.855,0.742,56.6,Kiyidan_Aciga,4
2017-08-15,2017,8,Ağustos,ST05,41.244898,40.542593,10.0,6.82,0.742,2.042,0.473,65.8,Kiyidan_Aciga,5
2017-08-15,2017,8,Ağustos,ST06,41.249749,40.340741,0.5,5.03,0.699,2.562,0.72,46.9,Kiyidan_Aciga,1
2017-08-15,2017,8,Ağustos,ST07,41.248399,40.138889,1.0,5.49,0.798,1.844,0.625,54.8,Kiyidan_Aciga,2
2017-08-15,2017,8,Ağustos,ST08,41.24093,39.937037,3.0,4.98,0.841,1.703,0.687,40.9,Kiyidan_Aciga,3
2017-08-15,2017,8,Ağustos,ST09,41.227807,39.735185,5.0,5.67,0.821,2.255,0.783,48.1,Kiyidan_Aciga,4
2017-08-15,2017,8,Ağustos,ST10,41.209847,39.533333,10.0,6.71,0.696,2.05,0.538,61.4,Kiyidan_Aciga,5
2017-08-15,2017,8,Ağustos,ST11,41.188166,39.331481,0.5,5.12,0.884,1.96,0.705,49.0,Kiyidan_Aciga,1
2017-08-15,2017,8,Ağustos,ST12,41.164112,39.12963,1.0,6.62,0.596,2.172,0.494,67.6,Kiyidan_Aciga,2
2017-08-15,2017,8,Ağustos,ST13,41.13918,38.927778,3.0,5.59,0.714,2.411,0.742,54.8,Kiyidan_Aciga,3
2017-08-15,2017,8,Ağustos,ST14,41.114922,38.725926,5.0,6.43,0.621,2.236,0.677,64.7,Kiyidan_Aciga,4
2017-08-15,2017,8,Ağustos,ST15,41.092844,38.524074,10.0,8.0,0.602,1.954,0.601,75.3,Kiyidan_Aciga,5
2017-08-15,2017,8,Ağustos,ST16,41.07432,38.322222,0.5,5.45,0.807,2.136,0.62,56.5,Kiyidan_Aciga,1
2017-08-15,2017,8,Ağustos,ST17,41.060501,38.12037,1.0,6.36,0.704,2.129,0.7,61.6,Kiyidan_Aciga,2
2017-08-15,2017,8,Ağustos,ST18,41.052247,37.918519,3.0,6.34,0.843,1.727,0.709,59.9,Kiyidan_Aciga,3
2017-08-15,2017,8,Ağustos,ST19,41.050071,37.716667,5.0,6.88,0.76,1.777,0.672,66.4,Kiyidan_Aciga,4
2017-08-15,2017,8,Ağustos,ST20,41.054108,37.514815,10.0,7.0,0.758,2.021,0.564,70.9,Kiyidan_Aciga,5
2017-08-15,2017,8,Ağustos,ST21,41.064107,37.312963,0.5,5.03,0.756,1.988,0.783,45.9,Kiyidan_Aciga,1
2017-08-15,2017,8,Ağustos,ST22,41.079446,37.111111,1.0,5.89,0.753,1.87,0.838,53.0,Kiyidan_Aciga,2
2017-08-15,2017,8,Ağustos,ST23,41.099172,36.909259,3.0,5.03,0.827,1.558,0.857,48.1,Kiyidan_Aciga,3
2017-08-15,2017,8,Ağustos,ST24,41.122058,36.707407,5.0,5.41,0.657,1.623,0.721,46.1,Kiyidan_Aciga,4
2017-08-15,2017,8,Ağustos,ST25,41.146682,36.505556,10.0,7.48,0.616,1.683,0.642,73.5,Kiyidan_Aciga,5
2017-08-15,2017,8,Ağustos,ST26,41.171512,36.303704,0.5,6.28,0.636,1.91,0.573,60.3,Kiyidan_Aciga,1
2017-08-15,2017,8,Ağustos,ST27,41.195004,36.101852,1.0,5.49,0.694,1.916,0.707,52.1,Kiyidan_Aciga,2
2017-08-15,2017,8,Ağustos,ST28,41.215699,35.9,3.0,6.73,0.659,1.724,0.637,60.2,Kiyidan_Aciga,3
2018-02-15,2018,2,Şubat,ST01,41.17474,41.35,0.5,7.57,0.465,1.846,0.61,78.3,Kiyidan_Aciga,1
2018-02-15,2018,2,Şubat,ST02,41.197943,41.148148,1.0,7.43,0.498,1.633,0.673,69.5,Kiyidan_Aciga,2
2018-02-15,2018,2,Şubat,ST03,41.218164,40.946296,3.0,6.58,0.508,1.932,0.542,62.0,Kiyidan_Aciga,3
2018-02-15,2018,2,Şubat,ST04,41.234147,40.744444,5.0,7.55,0.484,2.104,0.457,79.9,Kiyidan_Aciga,4
2018-02-15,2018,2,Şubat,ST05,41.244898,40.542593,10.0,8.31,0.513,1.774,0.394,74.7,Kiyidan_Aciga,5
2018-02-15,2018,2,Şubat,ST06,41.249749,40.340741,0.5,6.2,0.62,1.579,0.555,59.6,Kiyidan_Aciga,1
2018-02-15,2018,2,Şubat,ST07,41.248399,40.138889,1.0,6.78,0.551,1.618,0.456,66.5,Kiyidan_Aciga,2
2018-02-15,2018,2,Şubat,ST08,41.24093,39.937037,3.0,7.67,0.457,1.5,0.542,74.4,Kiyidan_Aciga,3
2018-02-15,2018,2,Şubat,ST09,41.227807,39.735185,5.0,7.19,0.613,2.057,0.619,60.5,Kiyidan_Aciga,4
2018-02-15,2018,2,Şubat,ST10,41.209847,39.533333,10.0,7.97,0.432,1.578,0.595,76.6,Kiyidan_Aciga,5
2018-02-15,2018,2,Şubat,ST11,41.188166,39.331481,0.5,5.89,0.62,1.968,0.691,59.0,Kiyidan_Aciga,1
2018-02-15,2018,2,Şubat,ST12,41.164112,39.12963,1.0,6.66,0.621,1.84,0.771,59.7,Kiyidan_Aciga,2
2018-02-15,2018,2,Şubat,ST13,41.13918,38.927778,3.0,8.4,0.392,2.373,0.469,84.0,Kiyidan_Aciga,3
2018-02-15,2018,2,Şubat,ST14,41.114922,38.725926,5.0,7.88,0.536,1.761,0.469,63.7,Kiyidan_Aciga,4
2018-02-15,2018,2,Şubat,ST15,41.092844,38.524074,10.0,10.41,0.429,0.896,0.553,95.0,Kiyidan_Aciga,5
2018-02-15,2018,2,Şubat,ST16,41.07432,38.322222,0.5,6.9,0.454,1.847,0.731,66.0,Kiyidan_Aciga,1
2018-02-15,2018,2,Şubat,ST17,41.060501,38.12037,1.0,8.1,0.563,1.698,0.415,76.0,Kiyidan_Aciga,2
2018-02-15,2018,2,Şubat,ST18,41.052247,37.918519,3.0,7.8,0.486,1.935,0.667,76.2,Kiyidan_Aciga,3
2018-02-15,2018,2,Şubat,ST19,41.050071,37.716667,5.0,7.54,0.53,2.355,0.44,73.6,Kiyidan_Aciga,4
2018-02-15,2018,2,Şubat,ST20,41.054108,37.514815,10.0,9.43,0.347,1.928,0.654,83.6,Kiyidan_Aciga,5
2018-02-15,2018,2,Şubat,ST21,41.064107,37.312963,0.5,6.95,0.487,1.833,0.577,71.3,Kiyidan_Aciga,1
2018-02-15,2018,2,Şubat,ST22,41.079446,37.111111,1.0,6.48,0.491,1.783,0.594,57.3,Kiyidan_Aciga,2
2018-02-15,2018,2,Şubat,ST23,41.099172,36.909259,3.0,6.61,0.532,1.982,0.743,63.8,Kiyidan_Aciga,3
2018-02-15,2018,2,Şubat,ST24,41.122058,36.707407,5.0,7.01,0.426,1.916,0.595,66.2,Kiyidan_Aciga,4
2018-02-15,2018,2,Şubat,ST25,41.146682,36.505556,10.0,8.42,0.505,1.802,0.547,76.7,Kiyidan_Aciga,5
2018-02-15,2018,2,Şubat,ST26,41.171512,36.303704,0.5,6.38,0.6,1.8,0.498,65.2,Kiyidan_Aciga,1
2018-02-15,2018,2,Şubat,ST27,41.195004,36.101852,1.0,6.47,0.531,2.019,0.629,51.5,Kiyidan_Aciga,2
2018-02-15,2018,2,Şubat,ST28,41.215699,35.9,3.0,7.73,0.589,1.979,0.37,82.0,Kiyidan_Aciga,3
2018-08-15,2018,8,Ağustos,ST01,41.17474,41.35,0.5,5.42,0.646,2.225,0.727,51.8,Kiyidan_Aciga,1
2018-08-15,2018,8,Ağustos,ST02,41.197943,41.148148,1.0,5.81,0.816,1.965,0.503,60.1,Kiyidan_Aciga,2
2018-08-15,2018,8,Ağustos,ST03,41.218164,40.946296,3.0,6.43,0.769,2.042,0.869,59.9,Kiyidan_Aciga,3
2018-08-15,2018,8,Ağustos,ST04,41.234147,40.744444,5.0,6.5,0.734,1.816,0.707,50.0,Kiyidan_Aciga,4
2018-08-15,2018,8,Ağustos,ST05,41.244898,40.542593,10.0,7.19,0.642,1.791,0.513,71.9,Kiyidan_Aciga,5
2018-08-15,2018,8,Ağustos,ST06,41.249749,40.340741,0.5,5.11,0.768,2.071,0.752,54.3,Kiyidan_Aciga,1
2018-08-15,2018,8,Ağustos,ST07,41.248399,40.138889,1.0,5.52,0.793,2.051,0.625,51.9,Kiyidan_Aciga,2
2018-08-15,2018,8,Ağustos,ST08,41.24093,39.937037,3.0,5.63,0.765,2.026,0.59,52.6,Kiyidan_Aciga,3
2018-08-15,2018,8,Ağustos,ST09,41.227807,39.735185,5.0,5.38,0.72,2.037,0.865,56.5,Kiyidan_Aciga,4
2018-08-15,2018,8,Ağustos,ST10,41.209847,39.533333,10.0,6.68,0.685,1.928,0.596,62.8,Kiyidan_Aciga,5
2018-08-15,2018,8,Ağustos,ST11,41.188166,39.331481,0.5,5.52,0.876,1.911,0.71,42.3,Kiyidan_Aciga,1
2018-08-15,2018,8,Ağustos,ST12,41.164112,39.12963,1.0,6.44,0.774,1.636,0.578,63.0,Kiyidan_Aciga,2
2018-08-15,2018,8,Ağustos,ST13,41.13918,38.927778,3.0,6.52,0.714,1.819,0.813,59.2,Kiyidan_Aciga,3
2018-08-15,2018,8,Ağustos,ST14,41.114922,38.725926,5.0,8.46,0.712,1.94,0.459,84.0,Kiyidan_Aciga,4
2018-08-15,2018,8,Ağustos,ST15,41.092844,38.524074,10.0,8.26,0.448,1.394,0.604,77.9,Kiyidan_Aciga,5
2018-08-15,2018,8,Ağustos,ST16,41.07432,38.322222,0.5,5.91,0.791,1.74,0.609,53.6,Kiyidan_Aciga,1
2018-08-15,2018,8,Ağustos,ST17,41.060501,38.12037,1.0,6.48,0.54,1.77,0.456,60.3,Kiyidan_Aciga,2
2018-08-15,2018,8,Ağustos,ST18,41.052247,37.918519,3.0,6.81,0.724,1.679,0.668,63.9,Kiyidan_Aciga,3
2018-08-15,2018,8,Ağustos,ST19,41.050071,37.716667,5.0,7.34,0.635,1.069,0.685,67.9,Kiyidan_Aciga,4
2018-08-15,2018,8,Ağustos,ST20,41.054108,37.514815,10.0,7.17,0.678,1.472,0.609,70.2,Kiyidan_Aciga,5
2018-08-15,2018,8,Ağustos,ST21,41.064107,37.312963,0.5,5.66,0.67,2.244,0.568,51.2,Kiyidan_Aciga,1
2018-08-15,2018,8,Ağustos,ST22,41.079446,37.111111,1.0,5.37,0.759,1.957,0.808,52.2,Kiyidan_Aciga,2
2018-08-15,2018,8,Ağustos,ST23,41.099172,36.909259,3.0,5.81,0.731,2.158,0.684,48.0,Kiyidan_Aciga,3
2018-08-15,2018,8,Ağustos,ST24,41.122058,36.707407,5.0,6.77,0.676,2.036,0.575,57.0,Kiyidan_Aciga,4
2018-08-15,2018,8,Ağustos,ST25,41.146682,36.505556,10.0,5.92,0.629,2.09,0.784,57.4,Kiyidan_Aciga,5
2018-08-15,2018,8,Ağustos,ST26,41.171512,36.303704,0.5,5.04,0.695,2.434,0.576,56.3,Kiyidan_Aciga,1
2018-08-15,2018,8,Ağustos,ST27,41.195004,36.101852,1.0,6.92,0.831,1.946,0.576,67.1,Kiyidan_Aciga,2
2018-08-15,2018,8,Ağustos,ST28,41.215699,35.9,3.0,6.92,0.608,1.575,0.582,62.6,Kiyidan_Aciga,3
2019-02-15,2019,2,Şubat,ST01,41.17474,41.35,0.5,7.91,0.428,1.793,0.676,80.2,Kiyidan_Aciga,1
2019-02-15,2019,2,Şubat,ST02,41.197943,41.148148,1.0,7.3,0.527,1.562,0.699,74.4,Kiyidan_Aciga,2
2019-02-15,2019,2,Şubat,ST03,41.218164,40.946296,3.0,6.36,0.674,1.733,0.693,60.7,Kiyidan_Aciga,3
2019-02-15,2019,2,Şubat,ST04,41.234147,40.744444,5.0,7.53,0.473,1.549,0.641,70.4,Kiyidan_Aciga,4
2019-02-15,2019,2,Şubat,ST05,41.244898,40.542593,10.0,7.58,0.405,1.471,0.535,73.9,Kiyidan_Aciga,5
2019-02-15,2019,2,Şubat,ST06,41.249749,40.340741,0.5,6.07,0.625,1.912,0.618,57.7,Kiyidan_Aciga,1
2019-02-15,2019,2,Şubat,ST07,41.248399,40.138889,1.0,7.25,0.388,2.234,0.694,68.8,Kiyidan_Aciga,2
2019-02-15,2019,2,Şubat,ST08,41.24093,39.937037,3.0,7.5,0.464,1.871,0.536,75.1,Kiyidan_Aciga,3
2019-02-15,2019,2,Şubat,ST09,41.227807,39.735185,5.0,6.9,0.507,2.022,0.716,62.3,Kiyidan_Aciga,4
2019-02-15,2019,2,Şubat,ST10,41.209847,39.533333,10.0,8.74,0.377,1.177,0.481,86.3,Kiyidan_Aciga,5
2019-02-15,2019,2,Şubat,ST11,41.188166,39.331481,0.5,6.78,0.473,1.878,0.618,66.9,Kiyidan_Aciga,1
2019-02-15,2019,2,Şubat,ST12,41.164112,39.12963,1.0,6.17,0.534,1.961,0.505,53.1,Kiyidan_Aciga,2
2019-02-15,2019,2,Şubat,ST13,41.13918,38.927778,3.0,7.37,0.495,1.813,0.538,67.7,Kiyidan_Aciga,3
2019-02-15,2019,2,Şubat,ST14,41.114922,38.725926,5.0,7.83,0.504,2.086,0.358,76.9,Kiyidan_Aciga,4
2019-02-15,2019,2,Şubat,ST15,41.092844,38.524074,10.0,8.94,0.493,2.0,0.476,88.7,Kiyidan_Aciga,5
2019-02-15,2019,2,Şubat,ST16,41.07432,38.322222,0.5,6.58,0.534,1.824,0.628,58.5,Kiyidan_Aciga,1
2019-02-15,2019,2,Şubat,ST17,41.060501,38.12037,1.0,7.51,0.617,1.557,0.609,74.7,Kiyidan_Aciga,2
2019-02-15,2019,2,Şubat,ST18,41.052247,37.918519,3.0,7.32,0.605,1.708,0.584,65.5,Kiyidan_Aciga,3
2019-02-15,2019,2,Şubat,ST19,41.050071,37.716667,5.0,7.74,0.483,1.941,0.519,70.8,Kiyidan_Aciga,4
2019-02-15,2019,2,Şubat,ST20,41.054108,37.514815,10.0,8.64,0.57,1.878,0.743,84.3,Kiyidan_Aciga,5
2019-02-15,2019,2,Şubat,ST21,41.064107,37.312963,0.5,6.81,0.569,2.233,0.738,60.4,Kiyidan_Aciga,1
2019-02-15,2019,2,Şubat,ST22,41.079446,37.111111,1.0,6.95,0.53,1.799,0.432,59.9,Kiyidan_Aciga,2
2019-02-15,2019,2,Şubat,ST23,41.099172,36.909259,3.0,6.64,0.404,1.792,0.693,60.8,Kiyidan_Aciga,3
2019-02-15,2019,2,Şubat,ST24,41.122058,36.707407,5.0,7.28,0.412,1.893,0.648,63.5,Kiyidan_Aciga,4
2019-02-15,2019,2,Şubat,ST25,41.146682,36.505556,10.0,7.83,0.379,1.902,0.596,74.2,Kiyidan_Aciga,5
2019-02-15,2019,2,Şubat,ST26,41.171512,36.303704,0.5,6.61,0.548,1.966,0.573,60.3,Kiyidan_Aciga,1
2019-02-15,2019,2,Şubat,ST27,41.195004,36.101852,1.0,6.92,0.495,2.365,0.572,66.9,Kiyidan_Aciga,2
2019-02-15,2019,2,Şubat,ST28,41.215699,35.9,3.0,7.74,0.594,1.578,0.716,73.0,Kiyidan_Aciga,3
2019-08-15,2019,8,Ağustos,ST01,41.17474,41.35,0.5,7.5,0.669,1.493,0.57,76.6,Kiyidan_Aciga,1
2019-08-15,2019,8,Ağustos,ST02,41.197943,41.148148,1.0,6.13,0.689,2.113,0.609,57.4,Kiyidan_Aciga,2
2019-08-15,2019,8,Ağustos,ST03,41.218164,40.946296,3.0,5.76,0.851,1.675,0.679,56.7,Kiyidan_Aciga,3
2019-08-15,2019,8,Ağustos,ST04,41.234147,40.744444,5.0,6.46,0.578,1.647,0.681,58.2,Kiyidan_Aciga,4
2019-08-15,2019,8,Ağustos,ST05,41.244898,40.542593,10.0,6.06,0.728,1.725,0.71,56.7,Kiyidan_Aciga,5
2019-08-15,2019,8,Ağustos,ST06,41.249749,40.340741,0.5,5.22,0.749,1.777,0.612,48.6,Kiyidan_Aciga,1
2019-08-15,2019,8,Ağustos,ST07,41.248399,40.138889,1.0,4.76,0.836,2.069,0.583,43.0,Kiyidan_Aciga,2
2019-08-15,2019,8,Ağustos,ST08,41.24093,39.937037,3.0,5.81,0.674,2.075,0.717,64.8,Kiyidan_Aciga,3
2019-08-15,2019,8,Ağustos,ST09,41.227807,39.735185,5.0,6.82,0.533,1.77,0.587,67.1,Kiyidan_Aciga,4
2019-08-15,2019,8,Ağustos,ST10,41.209847,39.533333,10.0,6.71,0.626,1.56,0.558,61.5,Kiyidan_Aciga,5
2019-08-15,2019,8,Ağustos,ST11,41.188166,39.331481,0.5,5.51,0.632,2.262,0.724,46.6,Kiyidan_Aciga,1
2019-08-15,2019,8,Ağustos,ST12,41.164112,39.12963,1.0,5.97,0.576,2.289,0.813,56.5,Kiyidan_Aciga,2
2019-08-15,2019,8,Ağustos,ST13,41.13918,38.927778,3.0,6.01,0.647,1.836,0.639,62.5,Kiyidan_Aciga,3
2019-08-15,2019,8,Ağustos,ST14,41.114922,38.725926,5.0,7.47,0.719,1.845,0.475,67.9,Kiyidan_Aciga,4
2019-08-15,2019,8,Ağustos,ST15,41.092844,38.524074,10.0,7.93,0.531,1.843,0.657,77.5,Kiyidan_Aciga,5
2019-08-15,2019,8,Ağustos,ST16,41.07432,38.322222,0.5,6.44,0.53,2.232,0.473,60.6,Kiyidan_Aciga,1
2019-08-15,2019,8,Ağustos,ST17,41.060501,38.12037,1.0,6.51,0.705,1.572,0.517,63.0,Kiyidan_Aciga,2
2019-08-15,2019,8,Ağustos,ST18,41.052247,37.918519,3.0,6.66,0.582,1.974,0.469,65.8,Kiyidan_Aciga,3
2019-08-15,2019,8,Ağustos,ST19,41.050071,37.716667,5.0,6.08,0.703,1.918,0.762,58.7,Kiyidan_Aciga,4
2019-08-15,2019,8,Ağustos,ST20,41.054108,37.514815,10.0,6.96,0.687,2.382,0.683,65.9,Kiyidan_Aciga,5
2019-08-15,2019,8,Ağustos,ST21,41.064107,37.312963,0.5,4.97,0.713,2.276,0.624,47.2,Kiyidan_Aciga,1
2019-08-15,2019,8,Ağustos,ST22,41.079446,37.111111,1.0,6.21,0.702,1.655,0.858,66.0,Kiyidan_Aciga,2
2019-08-15,2019,8,Ağustos,ST23,41.099172,36.909259,3.0,6.02,0.801,1.881,0.722,55.5,Kiyidan_Aciga,3
2019-08-15,2019,8,Ağustos,ST24,41.122058,36.707407,5.0,5.39,0.941,1.683,0.714,52.4,Kiyidan_Aciga,4
2019-08-15,2019,8,Ağustos,ST25,41.146682,36.505556,10.0,7.43,0.635,1.786,0.606,72.5,Kiyidan_Aciga,5
2019-08-15,2019,8,Ağustos,ST26,41.171512,36.303704,0.5,5.58,0.717,1.676,0.874,55.2,Kiyidan_Aciga,1
2019-08-15,2019,8,Ağustos,ST27,41.195004,36.101852,1.0,5.97,0.652,1.703,0.738,56.1,Kiyidan_Aciga,2
2019-08-15,2019,8,Ağustos,ST28,41.215699,35.9,3.0,6.73,0.559,2.255,0.708,63.6,Kiyidan_Aciga,3
2020-02-15,2020,2,Şubat,ST01,41.17474,41.35,0.5,7.45,0.551,1.47,0.759,72.7,Kiyidan_Aciga,1
2020-02-15,2020,2,Şubat,ST02,41.197943,41.148148,1.0,6.77,0.428,2.111,0.637,66.3,Kiyidan_Aciga,2
2020-02-15,2020,2,Şubat,ST03,41.218164,40.946296,3.0,7.37,0.414,1.938,0.575,69.9,Kiyidan_Aciga,3
2020-02-15,2020,2,Şubat,ST04,41.234147,40.744444,5.0,8.84,0.523,1.941,0.826,85.5,Kiyidan_Aciga,4
2020-02-15,2020,2,Şubat,ST05,41.244898,40.542593,10.0,8.33,0.412,1.627,0.361,82.3,Kiyidan_Aciga,5
2020-02-15,2020,2,Şubat,ST06,41.249749,40.340741,0.5,5.73,0.636,1.974,0.677,54.3,Kiyidan_Aciga,1
2020-02-15,2020,2,Şubat,ST07,41.248399,40.138889,1.0,7.22,0.596,1.816,0.509,72.3,Kiyidan_Aciga,2
2020-02-15,2020,2,Şubat,ST08,41.24093,39.937037,3.0,6.29,0.412,2.04,0.758,58.1,Kiyidan_Aciga,3
2020-02-15,2020,2,Şubat,ST09,41.227807,39.735185,5.0,7.48,0.457,1.982,0.7,70.0,Kiyidan_Aciga,4
2020-02-15,2020,2,Şubat,ST10,41.209847,39.533333,10.0,7.73,0.366,2.014,0.469,74.9,Kiyidan_Aciga,5
2020-02-15,2020,2,Şubat,ST11,41.188166,39.331481,0.5,7.18,0.461,1.785,0.701,65.0,Kiyidan_Aciga,1
2020-02-15,2020,2,Şubat,ST12,41.164112,39.12963,1.0,6.52,0.507,2.209,0.787,61.6,Kiyidan_Aciga,2
2020-02-15,2020,2,Şubat,ST13,41.13918,38.927778,3.0,7.15,0.587,1.412,0.626,67.8,Kiyidan_Aciga,3
2020-02-15,2020,2,Şubat,ST14,41.114922,38.725926,5.0,8.73,0.568,1.48,0.573,80.7,Kiyidan_Aciga,4
2020-02-15,2020,2,Şubat,ST15,41.092844,38.524074,10.0,8.81,0.504,1.627,0.574,87.5,Kiyidan_Aciga,5
2020-02-15,2020,2,Şubat,ST16,41.07432,38.322222,0.5,8.07,0.496,1.787,0.462,83.0,Kiyidan_Aciga,1
2020-02-15,2020,2,Şubat,ST17,41.060501,38.12037,1.0,7.51,0.501,1.821,0.626,74.4,Kiyidan_Aciga,2
2020-02-15,2020,2,Şubat,ST18,41.052247,37.918519,3.0,7.94,0.605,1.827,0.752,79.7,Kiyidan_Aciga,3
2020-02-15,2020,2,Şubat,ST19,41.050071,37.716667,5.0,7.6,0.353,1.813,0.743,69.1,Kiyidan_Aciga,4
2020-02-15,2020,2,Şubat,ST20,41.054108,37.514815,10.0,8.4,0.477,1.971,0.525,76.4,Kiyidan_Aciga,5
2020-02-15,2020,2,Şubat,ST21,41.064107,37.312963,0.5,6.81,0.455,1.402,0.798,68.4,Kiyidan_Aciga,1
2020-02-15,2020,2,Şubat,ST22,41.079446,37.111111,1.0,7.52,0.559,1.968,0.626,70.7,Kiyidan_Aciga,2
2020-02-15,2020,2,Şubat,ST23,41.099172,36.909259,3.0,7.09,0.46,1.567,0.571,72.5,Kiyidan_Aciga,3
2020-02-15,2020,2,Şubat,ST24,41.122058,36.707407,5.0,6.53,0.428,2.037,0.584,64.0,Kiyidan_Aciga,4
2020-02-15,2020,2,Şubat,ST25,41.146682,36.505556,10.0,8.76,0.492,1.556,0.684,86.2,Kiyidan_Aciga,5
2020-02-15,2020,2,Şubat,ST26,41.171512,36.303704,0.5,6.67,0.518,1.968,0.589,56.8,Kiyidan_Aciga,1
2020-02-15,2020,2,Şubat,ST27,41.195004,36.101852,1.0,7.34,0.551,1.238,0.646,76.7,Kiyidan_Aciga,2
2020-02-15,2020,2,Şubat,ST28,41.215699,35.9,3.0,6.84,0.507,1.813,0.779,69.4,Kiyidan_Aciga,3
2020-08-15,2020,8,Ağustos,ST01,41.17474,41.35,0.5,5.61,0.748,2.578,0.608,53.3,Kiyidan_Aciga,1
2020-08-15,2020,8,Ağustos,ST02,41.197943,41.148148,1.0,6.34,0.635,2.35,0.587,54.7,Kiyidan_Aciga,2
2020-08-15,2020,8,Ağustos,ST03,41.218164,40.946296,3.0,5.97,0.754,1.755,0.682,58.9,Kiyidan_Aciga,3
2020-08-15,2020,8,Ağustos,ST04,41.234147,40.744444,5.0,5.77,0.667,2.067,0.732,52.7,Kiyidan_Aciga,4
2020-08-15,2020,8,Ağustos,ST05,41.244898,40.542593,10.0,7.25,0.626,2.003,0.65,67.4,Kiyidan_Aciga,5
2020-08-15,2020,8,Ağustos,ST06,41.249749,40.340741,0.5,5.59,0.689,2.119,0.719,62.6,Kiyidan_Aciga,1
2020-08-15,2020,8,Ağustos,ST07,41.248399,40.138889,1.0,5.17,0.737,1.908,0.595,47.3,Kiyidan_Aciga,2
2020-08-15,2020,8,Ağustos,ST08,41.24093,39.937037,3.0,6.09,0.755,2.013,0.616,55.9,Kiyidan_Aciga,3
2020-08-15,2020,8,Ağustos,ST09,41.227807,39.735185,5.0,5.65,0.674,1.672,0.804,61.1,Kiyidan_Aciga,4
2020-08-15,2020,8,Ağustos,ST10,41.209847,39.533333,10.0,6.13,0.717,2.002,0.665,55.9,Kiyidan_Aciga,5
2020-08-15,2020,8,Ağustos,ST11,41.188166,39.331481,0.5,6.22,0.722,2.182,0.566,53.5,Kiyidan_Aciga,1
2020-08-15,2020,8,Ağustos,ST12,41.164112,39.12963,1.0,6.16,0.615,2.194,0.429,56.7,Kiyidan_Aciga,2
2020-08-15,2020,8,Ağustos,ST13,41.13918,38.927778,3.0,6.11,0.668,2.002,0.684,60.6,Kiyidan_Aciga,3
2020-08-15,2020,8,Ağustos,ST14,41.114922,38.725926,5.0,7.33,0.632,2.341,0.734,68.4,Kiyidan_Aciga,4
2020-08-15,2020,8,Ağustos,ST15,41.092844,38.524074,10.0,7.79,0.604,1.868,0.484,70.9,Kiyidan_Aciga,5
2020-08-15,2020,8,Ağustos,ST16,41.07432,38.322222,0.5,4.94,0.732,2.376,0.699,46.6,Kiyidan_Aciga,1
2020-08-15,2020,8,Ağustos,ST17,41.060501,38.12037,1.0,6.29,0.606,1.922,0.725,61.0,Kiyidan_Aciga,2
2020-08-15,2020,8,Ağustos,ST18,41.052247,37.918519,3.0,6.89,0.762,2.019,0.54,64.1,Kiyidan_Aciga,3
2020-08-15,2020,8,Ağustos,ST19,41.050071,37.716667,5.0,7.6,0.662,1.837,0.501,71.8,Kiyidan_Aciga,4
2020-08-15,2020,8,Ağustos,ST20,41.054108,37.514815,10.0,7.65,0.636,1.658,0.556,77.5,Kiyidan_Aciga,5
2020-08-15,2020,8,Ağustos,ST21,41.064107,37.312963,0.5,5.76,0.755,2.091,0.544,55.8,Kiyidan_Aciga,1
2020-08-15,2020,8,Ağustos,ST22,41.079446,37.111111,1.0,5.97,0.681,2.198,0.706,60.0,Kiyidan_Aciga,2
2020-08-15,2020,8,Ağustos,ST23,41.099172,36.909259,3.0,5.74,0.785,1.618,0.667,57.4,Kiyidan_Aciga,3
2020-08-15,2020,8,Ağustos,ST24,41.122058,36.707407,5.0,6.27,0.775,1.878,0.582,53.0,Kiyidan_Aciga,4
2020-08-15,2020,8,Ağustos,ST25,41.146682,36.505556,10.0,6.96,0.7,2.037,0.469,70.8,Kiyidan_Aciga,5
2020-08-15,2020,8,Ağustos,ST26,41.171512,36.303704,0.5,5.02,0.749,1.954,0.75,48.1,Kiyidan_Aciga,1
2020-08-15,2020,8,Ağustos,ST27,41.195004,36.101852,1.0,6.2,0.838,2.026,0.583,60.7,Kiyidan_Aciga,2
2020-08-15,2020,8,Ağustos,ST28,41.215699,35.9,3.0,7.43,0.695,2.042,0.433,72.1,Kiyidan_Aciga,3
2021-02-15,2021,2,Şubat,ST01,41.17474,41.35,0.5,7.02,0.452,1.836,0.617,64.2,Kiyidan_Aciga,1
2021-02-15,2021,2,Şubat,ST02,41.197943,41.148148,1.0,7.23,0.485,1.998,0.622,70.2,Kiyidan_Aciga,2
2021-02-15,2021,2,Şubat,ST03,41.218164,40.946296,3.0,7.86,0.523,1.771,0.37,76.8,Kiyidan_Aciga,3
2021-02-15,2021,2,Şubat,ST04,41.234147,40.744444,5.0,7.0,0.5,1.935,0.74,73.9,Kiyidan_Aciga,4
2021-02-15,2021,2,Şubat,ST05,41.244898,40.542593,10.0,7.73,0.378,1.864,0.607,68.6,Kiyidan_Aciga,5
2021-02-15,2021,2,Şubat,ST06,41.249749,40.340741,0.5,6.39,0.579,1.596,0.532,58.1,Kiyidan_Aciga,1
2021-02-15,2021,2,Şubat,ST07,41.248399,40.138889,1.0,6.31,0.591,1.832,0.641,68.9,Kiyidan_Aciga,2
2021-02-15,2021,2,Şubat,ST08,41.24093,39.937037,3.0,6.27,0.485,2.088,0.736,61.2,Kiyidan_Aciga,3
2021-02-15,2021,2,Şubat,ST09,41.227807,39.735185,5.0,8.22,0.494,1.253,0.579,75.8,Kiyidan_Aciga,4
2021-02-15,2021,2,Şubat,ST10,41.209847,39.533333,10.0,9.02,0.527,1.301,0.684,89.5,Kiyidan_Aciga,5
2021-02-15,2021,2,Şubat,ST11,41.188166,39.331481,0.5,6.55,0.519,2.235,0.428,64.0,Kiyidan_Aciga,1
2021-02-15,2021,2,Şubat,ST12,41.164112,39.12963,1.0,7.6,0.48,1.954,0.597,69.0,Kiyidan_Aciga,2
2021-02-15,2021,2,Şubat,ST13,41.13918,38.927778,3.0,7.07,0.562,1.678,0.452,67.6,Kiyidan_Aciga,3
2021-02-15,2021,2,Şubat,ST14,41.114922,38.725926,5.0,7.71,0.388,1.802,0.66,73.3,Kiyidan_Aciga,4
2021-02-15,2021,2,Şubat,ST15,41.092844,38.524074,10.0,8.35,0.504,1.998,0.787,85.1,Kiyidan_Aciga,5
2021-02-15,2021,2,Şubat,ST16,41.07432,38.322222,0.5,6.65,0.589,1.94,0.505,64.3,Kiyidan_Aciga,1
2021-02-15,2021,2,Şubat,ST17,41.060501,38.12037,1.0,8.26,0.564,1.491,0.569,80.4,Kiyidan_Aciga,2
2021-02-15,2021,2,Şubat,ST18,41.052247,37.918519,3.0,6.47,0.393,1.934,0.645,54.1,Kiyidan_Aciga,3
2021-02-15,2021,2,Şubat,ST19,41.050071,37.716667,5.0,7.82,0.567,1.721,0.586,76.6,Kiyidan_Aciga,4
2021-02-15,2021,2,Şubat,ST20,41.054108,37.514815,10.0,8.57,0.327,1.499,0.52,78.0,Kiyidan_Aciga,5
2021-02-15,2021,2,Şubat,ST21,41.064107,37.312963,0.5,7.27,0.548,1.541,0.576,73.6,Kiyidan_Aciga,1
2021-02-15,2021,2,Şubat,ST22,41.079446,37.111111,1.0,6.1,0.613,2.284,0.767,58.7,Kiyidan_Aciga,2
2021-02-15,2021,2,Şubat,ST23,41.099172,36.909259,3.0,7.47,0.449,2.424,0.615,75.5,Kiyidan_Aciga,3
2021-02-15,2021,2,Şubat,ST24,41.122058,36.707407,5.0,6.98,0.548,1.981,0.515,62.5,Kiyidan_Aciga,4
2021-02-15,2021,2,Şubat,ST25,41.146682,36.505556,10.0,8.07,0.561,1.3,0.537,81.9,Kiyidan_Aciga,5
2021-02-15,2021,2,Şubat,ST26,41.171512,36.303704,0.5,5.95,0.653,1.675,0.561,55.9,Kiyidan_Aciga,1
2021-02-15,2021,2,Şubat,ST27,41.195004,36.101852,1.0,7.92,0.426,1.335,0.437,79.0,Kiyidan_Aciga,2
2021-02-15,2021,2,Şubat,ST28,41.215699,35.9,3.0,6.68,0.614,1.891,0.616,64.7,Kiyidan_Aciga,3
2021-08-15,2021,8,Ağustos,ST01,41.17474,41.35,0.5,5.62,0.731,1.702,0.805,49.3,Kiyidan_Aciga,1
2021-08-15,2021,8,Ağustos,ST02,41.197943,41.148148,1.0,6.27,0.604,1.784,0.6,71.5,Kiyidan_Aciga,2
2021-08-15,2021,8,Ağustos,ST03,41.218164,40.946296,3.0,6.22,0.624,1.813,0.489,58.4,Kiyidan_Aciga,3
2021-08-15,2021,8,Ağustos,ST04,41.234147,40.744444,5.0,7.42,0.669,2.032,0.502,69.7,Kiyidan_Aciga,4
2021-08-15,2021,8,Ağustos,ST05,41.244898,40.542593,10.0,7.25,0.59,1.921,0.66,71.0,Kiyidan_Aciga,5
2021-08-15,2021,8,Ağustos,ST06,41.249749,40.340741,0.5,5.22,0.832,1.998,0.66,55.3,Kiyidan_Aciga,1
2021-08-15,2021,8,Ağustos,ST07,41.248399,40.138889,1.0,4.72,0.645,1.937,0.77,50.0,Kiyidan_Aciga,2
2021-08-15,2021,8,Ağustos,ST08,41.24093,39.937037,3.0,5.33,0.883,2.051,0.676,47.2,Kiyidan_Aciga,3
2021-08-15,2021,8,Ağustos,ST09,41.227807,39.735185,5.0,7.2,0.638,1.492,0.846,70.0,Kiyidan_Aciga,4
2021-08-15,2021,8,Ağustos,ST10,41.209847,39.533333,10.0,7.6,0.771,1.945,0.684,72.4,Kiyidan_Aciga,5
2021-08-15,2021,8,Ağustos,ST11,41.188166,39.331481,0.5,6.03,0.696,1.941,0.661,55.7,Kiyidan_Aciga,1
2021-08-15,2021,8,Ağustos,ST12,41.164112,39.12963,1.0,6.17,0.732,2.134,0.706,66.6,Kiyidan_Aciga,2
2021-08-15,2021,8,Ağustos,ST13,41.13918,38.927778,3.0,6.99,0.641,1.957,0.749,62.6,Kiyidan_Aciga,3
2021-08-15,2021,8,Ağustos,ST14,41.114922,38.725926,5.0,8.0,0.563,1.988,0.576,75.8,Kiyidan_Aciga,4
2021-08-15,2021,8,Ağustos,ST15,41.092844,38.524074,10.0,7.12,0.725,1.51,0.458,72.3,Kiyidan_Aciga,5
2021-08-15,2021,8,Ağustos,ST16,41.07432,38.322222,0.5,7.09,0.6,2.085,0.684,67.0,Kiyidan_Aciga,1
2021-08-15,2021,8,Ağustos,ST17,41.060501,38.12037,1.0,6.84,0.65,1.987,0.488,60.1,Kiyidan_Aciga,2
2021-08-15,2021,8,Ağustos,ST18,41.052247,37.918519,3.0,6.96,0.703,1.811,0.799,73.7,Kiyidan_Aciga,3
2021-08-15,2021,8,Ağustos,ST19,41.050071,37.716667,5.0,6.75,0.55,1.839,0.534,64.5,Kiyidan_Aciga,4
2021-08-15,2021,8,Ağustos,ST20,41.054108,37.514815,10.0,6.71,0.572,1.305,0.635,54.6,Kiyidan_Aciga,5
2021-08-15,2021,8,Ağustos,ST21,41.064107,37.312963,0.5,5.19,0.802,1.887,0.588,49.0,Kiyidan_Aciga,1
2021-08-15,2021,8,Ağustos,ST22,41.079446,37.111111,1.0,4.9,0.782,1.86,0.707,45.2,Kiyidan_Aciga,2
2021-08-15,2021,8,Ağustos,ST23,41.099172,36.909259,3.0,5.67,0.848,2.043,0.718,51.4,Kiyidan_Aciga,3
2021-08-15,2021,8,Ağustos,ST24,41.122058,36.707407,5.0,6.2,0.668,1.933,0.705,56.9,Kiyidan_Aciga,4
2021-08-15,2021,8,Ağustos,ST25,41.146682,36.505556,10.0,6.86,0.623,1.729,0.63,63.7,Kiyidan_Aciga,5
2021-08-15,2021,8,Ağustos,ST26,41.171512,36.303704,0.5,6.35,0.898,1.767,0.663,64.5,Kiyidan_Aciga,1
2021-08-15,2021,8,Ağustos,ST27,41.195004,36.101852,1.0,5.65,0.639,2.431,0.737,54.9,Kiyidan_Aciga,2
2021-08-15,2021,8,Ağustos,ST28,41.215699,35.9,3.0,7.13,0.714,1.819,0.505,65.7,Kiyidan_Aciga,3
2022-02-15,2022,2,Şubat,ST01,41.17474,41.35,0.5,7.8,0.535,1.731,0.758,73.4,Kiyidan_Aciga,1
2022-02-15,2022,2,Şubat,ST02,41.197943,41.148148,1.0,7.64,0.503,2.272,0.661,72.8,Kiyidan_Aciga,2
2022-02-15,2022,2,Şubat,ST03,41.218164,40.946296,3.0,7.2,0.499,1.644,0.463,69.6,Kiyidan_Aciga,3
2022-02-15,2022,2,Şubat,ST04,41.234147,40.744444,5.0,7.18,0.458,1.804,0.606,68.2,Kiyidan_Aciga,4
2022-02-15,2022,2,Şubat,ST05,41.244898,40.542593,10.0,9.16,0.499,2.218,0.503,90.2,Kiyidan_Aciga,5
2022-02-15,2022,2,Şubat,ST06,41.249749,40.340741,0.5,6.16,0.497,2.467,0.565,49.6,Kiyidan_Aciga,1
2022-02-15,2022,2,Şubat,ST07,41.248399,40.138889,1.0,6.01,0.389,1.711,0.564,57.2,Kiyidan_Aciga,2
2022-02-15,2022,2,Şubat,ST08,41.24093,39.937037,3.0,5.64,0.665,1.53,0.657,52.2,Kiyidan_Aciga,3
2022-02-15,2022,2,Şubat,ST09,41.227807,39.735185,5.0,7.65,0.513,2.085,0.549,70.8,Kiyidan_Aciga,4
2022-02-15,2022,2,Şubat,ST10,41.209847,39.533333,10.0,8.46,0.545,1.938,0.595,81.3,Kiyidan_Aciga,5
2022-02-15,2022,2,Şubat,ST11,41.188166,39.331481,0.5,6.67,0.552,2.383,0.595,62.0,Kiyidan_Aciga,1
2022-02-15,2022,2,Şubat,ST12,41.164112,39.12963,1.0,6.72,0.549,1.339,0.604,67.4,Kiyidan_Aciga,2
2022-02-15,2022,2,Şubat,ST13,41.13918,38.927778,3.0,7.2,0.515,2.353,0.633,59.4,Kiyidan_Aciga,3
2022-02-15,2022,2,Şubat,ST14,41.114922,38.725926,5.0,7.18,0.481,1.626,0.611,67.1,Kiyidan_Aciga,4
2022-02-15,2022,2,Şubat,ST15,41.092844,38.524074,10.0,9.55,0.351,1.619,0.56,92.1,Kiyidan_Aciga,5
2022-02-15,2022,2,Şubat,ST16,41.07432,38.322222,0.5,7.26,0.305,1.841,0.583,72.4,Kiyidan_Aciga,1
2022-02-15,2022,2,Şubat,ST17,41.060501,38.12037,1.0,7.57,0.507,1.872,0.723,76.5,Kiyidan_Aciga,2
2022-02-15,2022,2,Şubat,ST18,41.052247,37.918519,3.0,7.54,0.66,1.64,0.47,71.6,Kiyidan_Aciga,3
2022-02-15,2022,2,Şubat,ST19,41.050071,37.716667,5.0,7.37,0.297,1.647,0.629,69.8,Kiyidan_Aciga,4
2022-02-15,2022,2,Şubat,ST20,41.054108,37.514815,10.0,7.87,0.482,1.803,0.65,72.2,Kiyidan_Aciga,5
2022-02-15,2022,2,Şubat,ST21,41.064107,37.312963,0.5,6.92,0.423,1.725,0.78,61.6,Kiyidan_Aciga,1
2022-02-15,2022,2,Şubat,ST22,41.079446,37.111111,1.0,6.06,0.447,1.735,0.661,60.4,Kiyidan_Aciga,2
2022-02-15,2022,2,Şubat,ST23,41.099172,36.909259,3.0,6.74,0.491,1.557,0.544,57.8,Kiyidan_Aciga,3
2022-02-15,2022,2,Şubat,ST24,41.122058,36.707407,5.0,7.55,0.553,1.786,0.632,75.3,Kiyidan_Aciga,4
2022-02-15,2022,2,Şubat,ST25,41.146682,36.505556,10.0,8.21,0.581,1.492,0.534,76.1,Kiyidan_Aciga,5
2022-02-15,2022,2,Şubat,ST26,41.171512,36.303704,0.5,6.95,0.394,2.209,0.665,73.0,Kiyidan_Aciga,1
2022-02-15,2022,2,Şubat,ST27,41.195004,36.101852,1.0,6.84,0.469,2.022,0.716,62.1,Kiyidan_Aciga,2
2022-02-15,2022,2,Şubat,ST28,41.215699,35.9,3.0,6.3,0.39,1.98,0.79,54.6,Kiyidan_Aciga,3
2022-08-15,2022,8,Ağustos,ST01,41.17474,41.35,0.5,5.88,0.678,2.445,0.882,57.6,Kiyidan_Aciga,1
2022-08-15,2022,8,Ağustos,ST02,41.197943,41.148148,1.0,6.49,0.747,1.573,0.697,57.6,Kiyidan_Aciga,2
2022-08-15,2022,8,Ağustos,ST03,41.218164,40.946296,3.0,6.1,0.786,1.958,0.755,63.1,Kiyidan_Aciga,3
2022-08-15,2022,8,Ağustos,ST04,41.234147,40.744444,5.0,5.41,0.559,2.323,0.803,52.4,Kiyidan_Aciga,4
2022-08-15,2022,8,Ağustos,ST05,41.244898,40.542593,10.0,7.32,0.717,2.033,0.565,73.4,Kiyidan_Aciga,5
2022-08-15,2022,8,Ağustos,ST06,41.249749,40.340741,0.5,5.08,0.774,2.136,0.618,45.3,Kiyidan_Aciga,1
2022-08-15,2022,8,Ağustos,ST07,41.248399,40.138889,1.0,6.53,0.605,1.982,0.684,61.8,Kiyidan_Aciga,2
2022-08-15,2022,8,Ağustos,ST08,41.24093,39.937037,3.0,6.03,0.725,1.728,0.702,55.1,Kiyidan_Aciga,3
2022-08-15,2022,8,Ağustos,ST09,41.227807,39.735185,5.0,7.06,0.689,1.663,0.639,63.3,Kiyidan_Aciga,4
2022-08-15,2022,8,Ağustos,ST10,41.209847,39.533333,10.0,7.28,0.629,1.612,0.513,78.9,Kiyidan_Aciga,5
2022-08-15,2022,8,Ağustos,ST11,41.188166,39.331481,0.5,5.64,0.684,1.846,0.716,51.1,Kiyidan_Aciga,1
2022-08-15,2022,8,Ağustos,ST12,41.164112,39.12963,1.0,5.26,0.739,2.045,0.65,46.4,Kiyidan_Aciga,2
2022-08-15,2022,8,Ağustos,ST13,41.13918,38.927778,3.0,6.17,0.654,1.777,0.669,67.5,Kiyidan_Aciga,3
2022-08-15,2022,8,Ağustos,ST14,41.114922,38.725926,5.0,7.59,0.792,1.651,0.755,73.0,Kiyidan_Aciga,4
2022-08-15,2022,8,Ağustos,ST15,41.092844,38.524074,10.0,8.35,0.652,1.653,0.637,81.3,Kiyidan_Aciga,5
2022-08-15,2022,8,Ağustos,ST16,41.07432,38.322222,0.5,5.1,0.743,2.3,0.73,50.4,Kiyidan_Aciga,1
2022-08-15,2022,8,Ağustos,ST17,41.060501,38.12037,1.0,5.66,0.738,1.971,0.648,51.1,Kiyidan_Aciga,2
2022-08-15,2022,8,Ağustos,ST18,41.052247,37.918519,3.0,6.79,0.693,1.923,0.82,66.4,Kiyidan_Aciga,3
2022-08-15,2022,8,Ağustos,ST19,41.050071,37.716667,5.0,7.14,0.674,1.742,0.496,68.8,Kiyidan_Aciga,4
2022-08-15,2022,8,Ağustos,ST20,41.054108,37.514815,10.0,5.73,0.736,2.064,0.642,54.1,Kiyidan_Aciga,5
2022-08-15,2022,8,Ağustos,ST21,41.064107,37.312963,0.5,4.65,0.898,2.084,0.64,46.3,Kiyidan_Aciga,1
2022-08-15,2022,8,Ağustos,ST22,41.079446,37.111111,1.0,5.39,0.706,1.92,0.684,56.5,Kiyidan_Aciga,2
2022-08-15,2022,8,Ağustos,ST23,41.099172,36.909259,3.0,5.91,0.702,2.175,0.657,57.7,Kiyidan_Aciga,3
2022-08-15,2022,8,Ağustos,ST24,41.122058,36.707407,5.0,6.13,0.741,1.823,0.53,61.9,Kiyidan_Aciga,4
2022-08-15,2022,8,Ağustos,ST25,41.146682,36.505556,10.0,7.88,0.541,1.816,0.534,78.4,Kiyidan_Aciga,5
2022-08-15,2022,8,Ağustos,ST26,41.171512,36.303704,0.5,5.63,0.986,1.924,0.823,60.0,Kiyidan_Aciga,1
2022-08-15,2022,8,Ağustos,ST27,41.195004,36.101852,1.0,6.06,0.7,1.967,0.648,62.1,Kiyidan_Aciga,2
2022-08-15,2022,8,Ağustos,ST28,41.215699,35.9,3.0,5.82,0.696,1.903,0.487,58.7,Kiyidan_Aciga,3
2023-02-15,2023,2,Şubat,ST01,41.17474,41.35,0.5,7.69,0.433,2.043,0.426,73.1,Kiyidan_Aciga,1
2023-02-15,2023,2,Şubat,ST02,41.197943,41.148148,1.0,7.0,0.514,1.863,0.599,65.0,Kiyidan_Aciga,2
2023-02-15,2023,2,Şubat,ST03,41.218164,40.946296,3.0,7.2,0.609,1.68,0.825,65.9,Kiyidan_Aciga,3
2023-02-15,2023,2,Şubat,ST04,41.234147,40.744444,5.0,7.58,0.533,1.721,0.726,74.2,Kiyidan_Aciga,4
2023-02-15,2023,2,Şubat,ST05,41.244898,40.542593,10.0,8.06,0.583,1.504,0.517,78.9,Kiyidan_Aciga,5
2023-02-15,2023,2,Şubat,ST06,41.249749,40.340741,0.5,6.78,0.541,1.832,0.59,69.0,Kiyidan_Aciga,1
2023-02-15,2023,2,Şubat,ST07,41.248399,40.138889,1.0,6.5,0.457,1.66,0.778,58.9,Kiyidan_Aciga,2
2023-02-15,2023,2,Şubat,ST08,41.24093,39.937037,3.0,6.88,0.62,1.989,0.536,61.3,Kiyidan_Aciga,3
2023-02-15,2023,2,Şubat,ST09,41.227807,39.735185,5.0,8.2,0.386,1.611,0.607,77.0,Kiyidan_Aciga,4
2023-02-15,2023,2,Şubat,ST10,41.209847,39.533333,10.0,8.52,0.344,1.676,0.629,83.7,Kiyidan_Aciga,5
2023-02-15,2023,2,Şubat,ST11,41.188166,39.331481,0.5,6.35,0.452,1.962,0.502,65.5,Kiyidan_Aciga,1
2023-02-15,2023,2,Şubat,ST12,41.164112,39.12963,1.0,7.02,0.451,1.577,0.543,60.5,Kiyidan_Aciga,2
2023-02-15,2023,2,Şubat,ST13,41.13918,38.927778,3.0,7.73,0.419,1.882,0.637,77.3,Kiyidan_Aciga,3
2023-02-15,2023,2,Şubat,ST14,41.114922,38.725926,5.0,8.07,0.563,2.104,0.599,77.9,Kiyidan_Aciga,4
2023-02-15,2023,2,Şubat,ST15,41.092844,38.524074,10.0,8.57,0.381,2.045,0.621,84.2,Kiyidan_Aciga,5
2023-02-15,2023,2,Şubat,ST16,41.07432,38.322222,0.5,6.82,0.644,1.803,0.534,62.5,Kiyidan_Aciga,1
2023-02-15,2023,2,Şubat,ST17,41.060501,38.12037,1.0,8.01,0.386,1.574,0.865,79.9,Kiyidan_Aciga,2
2023-02-15,2023,2,Şubat,ST18,41.052247,37.918519,3.0,6.96,0.422,1.429,0.618,69.0,Kiyidan_Aciga,3
2023-02-15,2023,2,Şubat,ST19,41.050071,37.716667,5.0,8.38,0.313,1.406,0.553,90.8,Kiyidan_Aciga,4
2023-02-15,2023,2,Şubat,ST20,41.054108,37.514815,10.0,8.76,0.485,1.408,0.344,83.3,Kiyidan_Aciga,5
2023-02-15,2023,2,Şubat,ST21,41.064107,37.312963,0.5,6.35,0.512,1.813,0.559,56.4,Kiyidan_Aciga,1
2023-02-15,2023,2,Şubat,ST22,41.079446,37.111111,1.0,7.16,0.431,1.76,0.598,70.8,Kiyidan_Aciga,2
2023-02-15,2023,2,Şubat,ST23,41.099172,36.909259,3.0,6.25,0.616,1.775,0.622,66.0,Kiyidan_Aciga,3
2023-02-15,2023,2,Şubat,ST24,41.122058,36.707407,5.0,6.58,0.581,2.135,0.654,62.1,Kiyidan_Aciga,4
2023-02-15,2023,2,Şubat,ST25,41.146682,36.505556,10.0,9.29,0.443,1.735,0.51,88.9,Kiyidan_Aciga,5
2023-02-15,2023,2,Şubat,ST26,41.171512,36.303704,0.5,7.1,0.482,1.307,0.655,63.1,Kiyidan_Aciga,1
2023-02-15,2023,2,Şubat,ST27,41.195004,36.101852,1.0,7.24,0.498,2.057,0.504,66.7,Kiyidan_Aciga,2
2023-02-15,2023,2,Şubat,ST28,41.215699,35.9,3.0,7.18,0.382,2.104,0.438,72.6,Kiyidan_Aciga,3
2023-08-15,2023,8,Ağustos,ST01,41.17474,41.35,0.5,6.24,0.673,2.008,0.67,57.6,Kiyidan_Aciga,1
2023-08-15,2023,8,Ağustos,ST02,41.197943,41.148148,1.0,6.13,0.752,1.697,0.678,47.8,Kiyidan_Aciga,2
2023-08-15,2023,8,Ağustos,ST03,41.218164,40.946296,3.0,5.1,0.798,1.977,0.617,48.3,Kiyidan_Aciga,3
2023-08-15,2023,8,Ağustos,ST04,41.234147,40.744444,5.0,6.13,0.615,1.525,0.447,61.2,Kiyidan_Aciga,4
2023-08-15,2023,8,Ağustos,ST05,41.244898,40.542593,10.0,6.84,0.741,1.749,0.648,64.5,Kiyidan_Aciga,5
2023-08-15,2023,8,Ağustos,ST06,41.249749,40.340741,0.5,5.27,0.749,1.943,0.569,53.1,Kiyidan_Aciga,1
2023-08-15,2023,8,Ağustos,ST07,41.248399,40.138889,1.0,6.14,0.826,1.794,0.57,56.1,Kiyidan_Aciga,2
2023-08-15,2023,8,Ağustos,ST08,41.24093,39.937037,3.0,5.54,0.721,1.763,0.527,52.8,Kiyidan_Aciga,3
2023-08-15,2023,8,Ağustos,ST09,41.227807,39.735185,5.0,4.13,0.828,2.054,0.864,43.4,Kiyidan_Aciga,4
2023-08-15,2023,8,Ağustos,ST10,41.209847,39.533333,10.0,7.69,0.606,1.501,0.503,74.2,Kiyidan_Aciga,5
2023-08-15,2023,8,Ağustos,ST11,41.188166,39.331481,0.5,4.66,0.898,2.083,0.786,37.1,Kiyidan_Aciga,1
2023-08-15,2023,8,Ağustos,ST12,41.164112,39.12963,1.0,5.33,0.586,2.3,0.672,52.9,Kiyidan_Aciga,2
2023-08-15,2023,8,Ağustos,ST13,41.13918,38.927778,3.0,6.39,0.719,1.82,0.611,60.3,Kiyidan_Aciga,3
2023-08-15,2023,8,Ağustos,ST14,41.114922,38.725926,5.0,7.05,0.69,2.541,0.773,59.9,Kiyidan_Aciga,4
2023-08-15,2023,8,Ağustos,ST15,41.092844,38.524074,10.0,7.7,0.601,2.104,0.552,75.0,Kiyidan_Aciga,5
2023-08-15,2023,8,Ağustos,ST16,41.07432,38.322222,0.5,4.76,0.657,2.668,0.733,41.2,Kiyidan_Aciga,1
2023-08-15,2023,8,Ağustos,ST17,41.060501,38.12037,1.0,6.18,0.607,1.857,0.496,55.5,Kiyidan_Aciga,2
2023-08-15,2023,8,Ağustos,ST18,41.052247,37.918519,3.0,6.03,0.788,2.062,0.712,57.2,Kiyidan_Aciga,3
2023-08-15,2023,8,Ağustos,ST19,41.050071,37.716667,5.0,6.9,0.591,1.669,0.652,64.4,Kiyidan_Aciga,4
2023-08-15,2023,8,Ağustos,ST20,41.054108,37.514815,10.0,7.16,0.638,2.142,0.732,65.5,Kiyidan_Aciga,5
2023-08-15,2023,8,Ağustos,ST21,41.064107,37.312963,0.5,4.34,0.758,2.013,0.848,44.9,Kiyidan_Aciga,1
2023-08-15,2023,8,Ağustos,ST22,41.079446,37.111111,1.0,4.73,0.72,1.782,0.744,44.7,Kiyidan_Aciga,2
2023-08-15,2023,8,Ağustos,ST23,41.099172,36.909259,3.0,6.05,0.737,2.096,0.493,55.0,Kiyidan_Aciga,3
2023-08-15,2023,8,Ağustos,ST24,41.122058,36.707407,5.0,6.54,0.632,1.481,0.706,59.8,Kiyidan_Aciga,4
2023-08-15,2023,8,Ağustos,ST25,41.146682,36.505556,10.0,7.61,0.635,1.722,0.723,67.0,Kiyidan_Aciga,5
2023-08-15,2023,8,Ağustos,ST26,41.171512,36.303704,0.5,6.25,0.637,1.96,0.655,57.7,Kiyidan_Aciga,1
2023-08-15,2023,8,Ağustos,ST27,41.195004,36.101852,1.0,5.31,0.709,1.793,0.885,48.6,Kiyidan_Aciga,2
2023-08-15,2023,8,Ağustos,ST28,41.215699,35.9,3.0,6.91,0.743,1.942,0.597,66.4,Kiyidan_Aciga,3
2024-02-15,2024,2,Şubat,ST01,41.17474,41.35,0.5,7.39,0.502,1.417,0.412,76.2,Kiyidan_Aciga,1
2024-02-15,2024,2,Şubat,ST02,41.197943,41.148148,1.0,5.59,0.588,1.946,0.688,48.5,Kiyidan_Aciga,2
2024-02-15,2024,2,Şubat,ST03,41.218164,40.946296,3.0,7.43,0.509,2.496,0.605,76.0,Kiyidan_Aciga,3
2024-02-15,2024,2,Şubat,ST04,41.234147,40.744444,5.0,6.59,0.605,1.939,0.65,63.7,Kiyidan_Aciga,4
2024-02-15,2024,2,Şubat,ST05,41.244898,40.542593,10.0,9.09,0.469,1.499,0.487,89.6,Kiyidan_Aciga,5
2024-02-15,2024,2,Şubat,ST06,41.249749,40.340741,0.5,6.56,0.402,2.015,0.516,64.0,Kiyidan_Aciga,1
2024-02-15,2024,2,Şubat,ST07,41.248399,40.138889,1.0,5.89,0.533,1.827,0.807,57.6,Kiyidan_Aciga,2
2024-02-15,2024,2,Şubat,ST08,41.24093,39.937037,3.0,7.4,0.725,1.82,0.744,67.5,Kiyidan_Aciga,3
2024-02-15,2024,2,Şubat,ST09,41.227807,39.735185,5.0,7.83,0.415,1.77,0.634,77.2,Kiyidan_Aciga,4
2024-02-15,2024,2,Şubat,ST10,41.209847,39.533333,10.0,7.47,0.421,1.955,0.554,65.4,Kiyidan_Aciga,5
2024-02-15,2024,2,Şubat,ST11,41.188166,39.331481,0.5,6.6,0.513,1.926,0.676,64.5,Kiyidan_Aciga,1
2024-02-15,2024,2,Şubat,ST12,41.164112,39.12963,1.0,6.48,0.495,2.126,0.573,60.0,Kiyidan_Aciga,2
2024-02-15,2024,2,Şubat,ST13,41.13918,38.927778,3.0,6.6,0.521,1.968,0.425,58.4,Kiyidan_Aciga,3
2024-02-15,2024,2,Şubat,ST14,41.114922,38.725926,5.0,7.12,0.566,1.354,0.595,70.5,Kiyidan_Aciga,4
2024-02-15,2024,2,Şubat,ST15,41.092844,38.524074,10.0,8.95,0.416,1.789,0.655,84.6,Kiyidan_Aciga,5
2024-02-15,2024,2,Şubat,ST16,41.07432,38.322222,0.5,5.89,0.648,2.065,0.653,48.0,Kiyidan_Aciga,1
2024-02-15,2024,2,Şubat,ST17,41.060501,38.12037,1.0,6.95,0.439,1.543,0.595,63.9,Kiyidan_Aciga,2
2024-02-15,2024,2,Şubat,ST18,41.052247,37.918519,3.0,7.07,0.564,1.9,0.555,64.7,Kiyidan_Aciga,3
2024-02-15,2024,2,Şubat,ST19,41.050071,37.716667,5.0,7.27,0.478,1.965,0.493,74.9,Kiyidan_Aciga,4
2024-02-15,2024,2,Şubat,ST20,41.054108,37.514815,10.0,8.56,0.241,1.747,0.664,82.9,Kiyidan_Aciga,5
2024-02-15,2024,2,Şubat,ST21,41.064107,37.312963,0.5,6.15,0.538,1.976,0.72,52.8,Kiyidan_Aciga,1
2024-02-15,2024,2,Şubat,ST22,41.079446,37.111111,1.0,6.03,0.68,1.954,0.801,69.2,Kiyidan_Aciga,2
2024-02-15,2024,2,Şubat,ST23,41.099172,36.909259,3.0,6.42,0.435,1.835,0.74,65.9,Kiyidan_Aciga,3
2024-02-15,2024,2,Şubat,ST24,41.122058,36.707407,5.0,8.34,0.463,1.862,0.495,69.2,Kiyidan_Aciga,4
2024-02-15,2024,2,Şubat,ST25,41.146682,36.505556,10.0,8.07,0.381,1.918,0.385,73.7,Kiyidan_Aciga,5
2024-02-15,2024,2,Şubat,ST26,41.171512,36.303704,0.5,6.68,0.549,1.862,0.806,69.8,Kiyidan_Aciga,1
2024-02-15,2024,2,Şubat,ST27,41.195004,36.101852,1.0,6.43,0.659,2.341,0.618,61.2,Kiyidan_Aciga,2
2024-02-15,2024,2,Şubat,ST28,41.215699,35.9,3.0,7.31,0.445,1.679,0.728,71.2,Kiyidan_Aciga,3
2024-08-15,2024,8,Ağustos,ST01,41.17474,41.35,0.5,5.67,0.643,1.804,0.651,57.5,Kiyidan_Aciga,1
2024-08-15,2024,8,Ağustos,ST02,41.197943,41.148148,1.0,5.47,0.801,2.072,0.694,56.0,Kiyidan_Aciga,2
2024-08-15,2024,8,Ağustos,ST03,41.218164,40.946296,3.0,6.6,0.56,1.611,0.6,64.1,Kiyidan_Aciga,3
2024-08-15,2024,8,Ağustos,ST04,41.234147,40.744444,5.0,7.06,0.66,2.263,0.534,65.0,Kiyidan_Aciga,4
2024-08-15,2024,8,Ağustos,ST05,41.244898,40.542593,10.0,6.88,0.596,2.144,0.335,63.3,Kiyidan_Aciga,5
2024-08-15,2024,8,Ağustos,ST06,41.249749,40.340741,0.5,5.84,0.683,2.238,0.878,55.8,Kiyidan_Aciga,1
2024-08-15,2024,8,Ağustos,ST07,41.248399,40.138889,1.0,5.88,0.9,2.066,0.651,59.5,Kiyidan_Aciga,2
2024-08-15,2024,8,Ağustos,ST08,41.24093,39.937037,3.0,6.25,0.685,1.799,0.81,58.3,Kiyidan_Aciga,3
2024-08-15,2024,8,Ağustos,ST09,41.227807,39.735185,5.0,6.7,0.69,2.329,0.534,60.2,Kiyidan_Aciga,4
2024-08-15,2024,8,Ağustos,ST10,41.209847,39.533333,10.0,7.54,0.548,1.826,0.743,64.5,Kiyidan_Aciga,5
2024-08-15,2024,8,Ağustos,ST11,41.188166,39.331481,0.5,5.76,0.81,1.975,0.57,53.6,Kiyidan_Aciga,1
2024-08-15,2024,8,Ağustos,ST12,41.164112,39.12963,1.0,5.34,0.742,1.973,0.636,52.6,Kiyidan_Aciga,2
2024-08-15,2024,8,Ağustos,ST13,41.13918,38.927778,3.0,7.19,0.676,2.162,0.758,66.0,Kiyidan_Aciga,3
2024-08-15,2024,8,Ağustos,ST14,41.114922,38.725926,5.0,6.95,0.625,1.477,0.645,61.8,Kiyidan_Aciga,4
2024-08-15,2024,8,Ağustos,ST15,41.092844,38.524074,10.0,8.01,0.5,1.804,0.418,78.8,Kiyidan_Aciga,5
2024-08-15,2024,8,Ağustos,ST16,41.07432,38.322222,0.5,5.8,0.671,2.257,0.628,55.5,Kiyidan_Aciga,1
2024-08-15,2024,8,Ağustos,ST17,41.060501,38.12037,1.0,5.91,0.745,2.223,0.738,54.2,Kiyidan_Aciga,2
2024-08-15,2024,8,Ağustos,ST18,41.052247,37.918519,3.0,6.9,0.588,1.667,0.598,69.7,Kiyidan_Aciga,3
2024-08-15,2024,8,Ağustos,ST19,41.050071,37.716667,5.0,5.77,0.783,1.966,0.618,59.2,Kiyidan_Aciga,4
2024-08-15,2024,8,Ağustos,ST20,41.054108,37.514815,10.0,6.7,0.852,1.828,0.634,69.8,Kiyidan_Aciga,5
2024-08-15,2024,8,Ağustos,ST21,41.064107,37.312963,0.5,5.37,0.83,1.549,0.641,52.6,Kiyidan_Aciga,1
2024-08-15,2024,8,Ağustos,ST22,41.079446,37.111111,1.0,5.86,0.769,2.137,0.763,57.6,Kiyidan_Aciga,2
2024-08-15,2024,8,Ağustos,ST23,41.099172,36.909259,3.0,4.41,0.923,2.011,0.789,42.6,Kiyidan_Aciga,3
2024-08-15,2024,8,Ağustos,ST24,41.122058,36.707407,5.0,6.01,0.611,1.464,0.549,60.4,Kiyidan_Aciga,4
2024-08-15,2024,8,Ağustos,ST25,41.146682,36.505556,10.0,6.2,0.62,2.031,0.538,56.7,Kiyidan_Aciga,5
2024-08-15,2024,8,Ağustos,ST26,41.171512,36.303704,0.5,5.48,0.751,1.759,0.693,53.7,Kiyidan_Aciga,1
2024-08-15,2024,8,Ağustos,ST27,41.195004,36.101852,1.0,5.0,0.777,1.92,0.722,50.4,Kiyidan_Aciga,2
2024-08-15,2024,8,Ağustos,ST28,41.215699,35.9,3.0,6.14,0.766,2.13,0.734,60.0,Kiyidan_Aciga,3
2025-02-15,2025,2,Şubat,ST01,41.17474,41.35,0.5,7.65,0.516,1.372,0.506,71.8,Kiyidan_Aciga,1
2025-02-15,2025,2,Şubat,ST02,41.197943,41.148148,1.0,6.96,0.537,1.645,0.809,65.7,Kiyidan_Aciga,2
2025-02-15,2025,2,Şubat,ST03,41.218164,40.946296,3.0,7.2,0.446,1.574,0.587,68.5,Kiyidan_Aciga,3
2025-02-15,2025,2,Şubat,ST04,41.234147,40.744444,5.0,7.34,0.628,1.782,0.587,73.0,Kiyidan_Aciga,4
2025-02-15,2025,2,Şubat,ST05,41.244898,40.542593,10.0,8.02,0.517,1.441,0.447,76.7,Kiyidan_Aciga,5
2025-02-15,2025,2,Şubat,ST06,41.249749,40.340741,0.5,6.15,0.478,1.962,0.663,55.6,Kiyidan_Aciga,1
2025-02-15,2025,2,Şubat,ST07,41.248399,40.138889,1.0,6.02,0.566,1.692,0.589,59.3,Kiyidan_Aciga,2
2025-02-15,2025,2,Şubat,ST08,41.24093,39.937037,3.0,6.66,0.482,1.65,0.519,62.7,Kiyidan_Aciga,3
2025-02-15,2025,2,Şubat,ST09,41.227807,39.735185,5.0,8.22,0.514,1.414,0.64,75.1,Kiyidan_Aciga,4
2025-02-15,2025,2,Şubat,ST10,41.209847,39.533333,10.0,8.14,0.424,2.258,0.458,78.6,Kiyidan_Aciga,5
2025-02-15,2025,2,Şubat,ST11,41.188166,39.331481,0.5,6.23,0.598,1.996,0.764,62.0,Kiyidan_Aciga,1
2025-02-15,2025,2,Şubat,ST12,41.164112,39.12963,1.0,6.49,0.761,2.032,0.572,62.5,Kiyidan_Aciga,2
2025-02-15,2025,2,Şubat,ST13,41.13918,38.927778,3.0,7.74,0.53,1.905,0.679,77.0,Kiyidan_Aciga,3
2025-02-15,2025,2,Şubat,ST14,41.114922,38.725926,5.0,7.4,0.662,2.3,0.673,70.5,Kiyidan_Aciga,4
2025-02-15,2025,2,Şubat,ST15,41.092844,38.524074,10.0,8.85,0.428,1.66,0.335,90.2,Kiyidan_Aciga,5
2025-02-15,2025,2,Şubat,ST16,41.07432,38.322222,0.5,7.73,0.349,2.004,0.582,72.7,Kiyidan_Aciga,1
2025-02-15,2025,2,Şubat,ST17,41.060501,38.12037,1.0,7.36,0.355,1.809,0.603,70.2,Kiyidan_Aciga,2
2025-02-15,2025,2,Şubat,ST18,41.052247,37.918519,3.0,6.55,0.561,2.152,0.666,61.3,Kiyidan_Aciga,3
2025-02-15,2025,2,Şubat,ST19,41.050071,37.716667,5.0,8.96,0.377,1.895,0.575,93.2,Kiyidan_Aciga,4
2025-02-15,2025,2,Şubat,ST20,41.054108,37.514815,10.0,8.42,0.512,1.861,0.458,76.5,Kiyidan_Aciga,5
2025-02-15,2025,2,Şubat,ST21,41.064107,37.312963,0.5,6.19,0.617,1.985,0.62,64.3,Kiyidan_Aciga,1
2025-02-15,2025,2,Şubat,ST22,41.079446,37.111111,1.0,5.24,0.49,1.434,0.814,49.4,Kiyidan_Aciga,2
2025-02-15,2025,2,Şubat,ST23,41.099172,36.909259,3.0,7.19,0.492,2.082,0.588,70.0,Kiyidan_Aciga,3
2025-02-15,2025,2,Şubat,ST24,41.122058,36.707407,5.0,7.2,0.527,2.246,0.437,68.2,Kiyidan_Aciga,4
2025-02-15,2025,2,Şubat,ST25,41.146682,36.505556,10.0,8.17,0.474,1.651,0.517,83.7,Kiyidan_Aciga,5
2025-02-15,2025,2,Şubat,ST26,41.171512,36.303704,0.5,6.47,0.723,2.028,0.599,63.6,Kiyidan_Aciga,1
2025-02-15,2025,2,Şubat,ST27,41.195004,36.101852,1.0,6.83,0.621,1.567,0.433,66.4,Kiyidan_Aciga,2
2025-02-15,2025,2,Şubat,ST28,41.215699,35.9,3.0,7.77,0.505,1.947,0.634,67.9,Kiyidan_Aciga,3
2025-08-15,2025,8,Ağustos,ST01,41.17474,41.35,0.5,6.1,0.801,1.981,0.514,56.6,Kiyidan_Aciga,1
2025-08-15,2025,8,Ağustos,ST02,41.197943,41.148148,1.0,6.22,0.833,1.435,0.676,55.3,Kiyidan_Aciga,2
2025-08-15,2025,8,Ağustos,ST03,41.218164,40.946296,3.0,6.38,0.729,1.847,0.695,65.2,Kiyidan_Aciga,3
2025-08-15,2025,8,Ağustos,ST04,41.234147,40.744444,5.0,6.19,0.584,2.283,0.724,61.1,Kiyidan_Aciga,4
2025-08-15,2025,8,Ağustos,ST05,41.244898,40.542593,10.0,6.64,0.75,2.389,0.609,63.4,Kiyidan_Aciga,5
2025-08-15,2025,8,Ağustos,ST06,41.249749,40.340741,0.5,4.6,0.734,1.911,0.755,42.3,Kiyidan_Aciga,1
2025-08-15,2025,8,Ağustos,ST07,41.248399,40.138889,1.0,5.41,0.661,1.99,0.587,52.2,Kiyidan_Aciga,2
2025-08-15,2025,8,Ağustos,ST08,41.24093,39.937037,3.0,4.67,0.797,2.093,0.753,37.8,Kiyidan_Aciga,3
2025-08-15,2025,8,Ağustos,ST09,41.227807,39.735185,5.0,6.37,0.659,1.961,0.446,55.5,Kiyidan_Aciga,4
2025-08-15,2025,8,Ağustos,ST10,41.209847,39.533333,10.0,6.83,0.774,1.991,0.627,61.2,Kiyidan_Aciga,5
2025-08-15,2025,8,Ağustos,ST11,41.188166,39.331481,0.5,4.9,0.79,2.294,0.739,53.4,Kiyidan_Aciga,1
2025-08-15,2025,8,Ağustos,ST12,41.164112,39.12963,1.0,5.4,0.748,1.61,0.704,57.2,Kiyidan_Aciga,2
2025-08-15,2025,8,Ağustos,ST13,41.13918,38.927778,3.0,5.72,0.782,2.347,0.596,56.2,Kiyidan_Aciga,3
2025-08-15,2025,8,Ağustos,ST14,41.114922,38.725926,5.0,7.64,0.654,1.986,0.408,74.9,Kiyidan_Aciga,4
2025-08-15,2025,8,Ağustos,ST15,41.092844,38.524074,10.0,8.0,0.519,1.521,0.635,74.8,Kiyidan_Aciga,5
2025-08-15,2025,8,Ağustos,ST16,41.07432,38.322222,0.5,6.6,0.698,1.896,0.606,63.9,Kiyidan_Aciga,1
2025-08-15,2025,8,Ağustos,ST17,41.060501,38.12037,1.0,6.43,0.723,1.794,0.754,63.7,Kiyidan_Aciga,2
2025-08-15,2025,8,Ağustos,ST18,41.052247,37.918519,3.0,6.41,0.688,2.027,0.448,61.9,Kiyidan_Aciga,3
2025-08-15,2025,8,Ağustos,ST19,41.050071,37.716667,5.0,7.29,0.665,1.838,0.537,71.2,Kiyidan_Aciga,4
2025-08-15,2025,8,Ağustos,ST20,41.054108,37.514815,10.0,7.0,0.762,1.627,0.562,64.1,Kiyidan_Aciga,5
2025-08-15,2025,8,Ağustos,ST21,41.064107,37.312963,0.5,6.26,0.673,1.782,0.429,55.8,Kiyidan_Aciga,1
2025-08-15,2025,8,Ağustos,ST22,41.079446,37.111111,1.0,5.52,0.768,1.852,0.616,59.9,Kiyidan_Aciga,2
2025-08-15,2025,8,Ağustos,ST23,41.099172,36.909259,3.0,7.04,0.748,2.229,0.783,75.8,Kiyidan_Aciga,3
2025-08-15,2025,8,Ağustos,ST24,41.122058,36.707407,5.0,5.79,0.641,2.435,0.564,50.9,Kiyidan_Aciga,4
2025-08-15,2025,8,Ağustos,ST25,41.146682,36.505556,10.0,6.41,0.67,1.406,0.488,58.4,Kiyidan_Aciga,5
2025-08-15,2025,8,Ağustos,ST26,41.171512,36.303704,0.5,4.75,0.864,2.15,0.787,47.0,Kiyidan_Aciga,1
2025-08-15,2025,8,Ağustos,ST27,41.195004,36.101852,1.0,5.56,0.803,2.122,0.642,46.1,Kiyidan_Aciga,2
2025-08-15,2025,8,Ağustos,ST28,41.215699,35.9,3.0,6.49,0.576,1.988,0.635,56.3,Kiyidan_Aciga,3
2026-02-15,2026,2,Şubat,ST01,41.17474,41.35,0.5,7.16,0.517,1.878,0.616,65.4,Kiyidan_Aciga,1
2026-02-15,2026,2,Şubat,ST02,41.197943,41.148148,1.0,7.3,0.441,1.547,0.664,73.1,Kiyidan_Aciga,2
2026-02-15,2026,2,Şubat,ST03,41.218164,40.946296,3.0,7.51,0.473,1.315,0.738,63.5,Kiyidan_Aciga,3
2026-02-15,2026,2,Şubat,ST04,41.234147,40.744444,5.0,7.68,0.653,1.824,0.614,74.4,Kiyidan_Aciga,4
2026-02-15,2026,2,Şubat,ST05,41.244898,40.542593,10.0,8.2,0.658,1.538,0.473,76.6,Kiyidan_Aciga,5
2026-02-15,2026,2,Şubat,ST06,41.249749,40.340741,0.5,7.21,0.454,1.932,0.707,71.6,Kiyidan_Aciga,1
2026-02-15,2026,2,Şubat,ST07,41.248399,40.138889,1.0,6.84,0.627,1.935,0.568,65.5,Kiyidan_Aciga,2
2026-02-15,2026,2,Şubat,ST08,41.24093,39.937037,3.0,6.46,0.731,1.764,0.677,55.3,Kiyidan_Aciga,3
2026-02-15,2026,2,Şubat,ST09,41.227807,39.735185,5.0,7.15,0.479,1.998,0.672,73.6,Kiyidan_Aciga,4
2026-02-15,2026,2,Şubat,ST10,41.209847,39.533333,10.0,8.85,0.448,1.472,0.471,85.3,Kiyidan_Aciga,5
2026-02-15,2026,2,Şubat,ST11,41.188166,39.331481,0.5,6.66,0.541,1.742,0.764,57.4,Kiyidan_Aciga,1
2026-02-15,2026,2,Şubat,ST12,41.164112,39.12963,1.0,6.52,0.44,1.838,0.751,60.8,Kiyidan_Aciga,2
2026-02-15,2026,2,Şubat,ST13,41.13918,38.927778,3.0,7.42,0.546,1.723,0.631,71.5,Kiyidan_Aciga,3
2026-02-15,2026,2,Şubat,ST14,41.114922,38.725926,5.0,7.22,0.462,1.912,0.728,73.7,Kiyidan_Aciga,4
2026-02-15,2026,2,Şubat,ST15,41.092844,38.524074,10.0,9.94,0.47,1.549,0.525,94.0,Kiyidan_Aciga,5
2026-02-15,2026,2,Şubat,ST16,41.07432,38.322222,0.5,6.83,0.544,1.966,0.496,69.3,Kiyidan_Aciga,1
2026-02-15,2026,2,Şubat,ST17,41.060501,38.12037,1.0,6.05,0.53,2.232,0.708,56.0,Kiyidan_Aciga,2
2026-02-15,2026,2,Şubat,ST18,41.052247,37.918519,3.0,8.35,0.43,1.238,0.611,72.2,Kiyidan_Aciga,3
2026-02-15,2026,2,Şubat,ST19,41.050071,37.716667,5.0,7.0,0.557,1.728,0.665,61.9,Kiyidan_Aciga,4
2026-02-15,2026,2,Şubat,ST20,41.054108,37.514815,10.0,8.65,0.323,2.05,0.511,88.3,Kiyidan_Aciga,5
2026-02-15,2026,2,Şubat,ST21,41.064107,37.312963,0.5,5.85,0.711,1.729,0.478,55.8,Kiyidan_Aciga,1
2026-02-15,2026,2,Şubat,ST22,41.079446,37.111111,1.0,6.98,0.571,2.135,0.689,63.1,Kiyidan_Aciga,2
2026-02-15,2026,2,Şubat,ST23,41.099172,36.909259,3.0,7.05,0.513,1.661,0.623,66.8,Kiyidan_Aciga,3
2026-02-15,2026,2,Şubat,ST24,41.122058,36.707407,5.0,7.81,0.439,1.636,0.511,81.7,Kiyidan_Aciga,4
2026-02-15,2026,2,Şubat,ST25,41.146682,36.505556,10.0,7.68,0.588,1.528,0.635,74.0,Kiyidan_Aciga,5
2026-02-15,2026,2,Şubat,ST26,41.171512,36.303704,0.5,7.15,0.589,1.85,0.548,74.5,Kiyidan_Aciga,1
2026-02-15,2026,2,Şubat,ST27,41.195004,36.101852,1.0,6.39,0.35,1.439,0.47,63.1,Kiyidan_Aciga,2
2026-02-15,2026,2,Şubat,ST28,41.215699,35.9,3.0,8.5,0.299,1.534,0.571,86.9,Kiyidan_Aciga,3
2026-08-15,2026,8,Ağustos,ST01,41.17474,41.35,0.5,5.48,0.776,1.959,0.939,52.6,Kiyidan_Aciga,1
2026-08-15,2026,8,Ağustos,ST02,41.197943,41.148148,1.0,6.08,0.703,1.837,0.741,53.1,Kiyidan_Aciga,2
2026-08-15,2026,8,Ağustos,ST03,41.218164,40.946296,3.0,4.97,0.75,2.309,0.654,48.0,Kiyidan_Aciga,3
2026-08-15,2026,8,Ağustos,ST04,41.234147,40.744444,5.0,5.58,0.807,2.169,0.674,53.7,Kiyidan_Aciga,4
2026-08-15,2026,8,Ağustos,ST05,41.244898,40.542593,10.0,6.22,0.581,1.893,0.691,61.4,Kiyidan_Aciga,5
2026-08-15,2026,8,Ağustos,ST06,41.249749,40.340741,0.5,4.95,0.823,2.464,0.705,48.3,Kiyidan_Aciga,1
2026-08-15,2026,8,Ağustos,ST07,41.248399,40.138889,1.0,5.06,0.745,2.131,0.876,51.7,Kiyidan_Aciga,2
2026-08-15,2026,8,Ağustos,ST08,41.24093,39.937037,3.0,6.0,0.664,1.726,0.689,61.9,Kiyidan_Aciga,3
2026-08-15,2026,8,Ağustos,ST09,41.227807,39.735185,5.0,6.93,0.464,2.461,0.652,69.4,Kiyidan_Aciga,4
2026-08-15,2026,8,Ağustos,ST10,41.209847,39.533333,10.0,6.06,0.678,2.149,0.53,46.0,Kiyidan_Aciga,5
2026-08-15,2026,8,Ağustos,ST11,41.188166,39.331481,0.5,5.66,0.714,2.355,0.652,53.4,Kiyidan_Aciga,1
2026-08-15,2026,8,Ağustos,ST12,41.164112,39.12963,1.0,6.13,0.776,1.757,0.738,56.1,Kiyidan_Aciga,2
2026-08-15,2026,8,Ağustos,ST13,41.13918,38.927778,3.0,6.27,0.741,2.129,0.669,55.3,Kiyidan_Aciga,3
2026-08-15,2026,8,Ağustos,ST14,41.114922,38.725926,5.0,5.71,0.7,2.231,0.71,55.2,Kiyidan_Aciga,4
2026-08-15,2026,8,Ağustos,ST15,41.092844,38.524074,10.0,7.68,0.659,1.537,0.662,76.4,Kiyidan_Aciga,5
2026-08-15,2026,8,Ağustos,ST16,41.07432,38.322222,0.5,5.76,0.747,1.552,0.68,54.2,Kiyidan_Aciga,1
2026-08-15,2026,8,Ağustos,ST17,41.060501,38.12037,1.0,6.65,0.655,2.094,0.582,54.0,Kiyidan_Aciga,2
2026-08-15,2026,8,Ağustos,ST18,41.052247,37.918519,3.0,6.05,0.713,1.982,0.664,55.4,Kiyidan_Aciga,3
2026-08-15,2026,8,Ağustos,ST19,41.050071,37.716667,5.0,6.18,0.601,1.429,0.631,55.7,Kiyidan_Aciga,4
2026-08-15,2026,8,Ağustos,ST20,41.054108,37.514815,10.0,7.67,0.46,1.859,0.797,72.2,Kiyidan_Aciga,5
2026-08-15,2026,8,Ağustos,ST21,41.064107,37.312963,0.5,5.21,0.779,2.189,0.654,45.5,Kiyidan_Aciga,1
2026-08-15,2026,8,Ağustos,ST22,41.079446,37.111111,1.0,5.56,0.571,2.217,0.634,52.9,Kiyidan_Aciga,2
2026-08-15,2026,8,Ağustos,ST23,41.099172,36.909259,3.0,5.24,0.858,2.121,0.661,48.4,Kiyidan_Aciga,3
2026-08-15,2026,8,Ağustos,ST24,41.122058,36.707407,5.0,5.85,0.9,1.64,0.766,57.8,Kiyidan_Aciga,4
2026-08-15,2026,8,Ağustos,ST25,41.146682,36.505556,10.0,7.78,0.682,1.779,0.683,74.8,Kiyidan_Aciga,5
2026-08-15,2026,8,Ağustos,ST26,41.171512,36.303704,0.5,5.79,0.825,2.0,0.618,52.4,Kiyidan_Aciga,1
2026-08-15,2026,8,Ağustos,ST27,41.195004,36.101852,1.0,5.89,0.635,1.876,0.559,58.0,Kiyidan_Aciga,2
2026-08-15,2026,8,Ağustos,ST28,41.215699,35.9,3.0,5.76,0.609,1.703,0.605,52.8,Kiyidan_Aciga,3
